title_class,body_class
-0.2247,0.9609
0.0,0.0
-0.0018,0.9955
-0.7845,-0.9769
-0.34,0.9845
0.5574,0.9504
-0.4497,0.6524
0.5709,-0.6712
0.8641,0.9895
0.4019,0.9901
0.5994,0.9663
-0.5106,0.7099
-0.5574,-0.5574
0.0,0.9432
0.6369,0.9856
0.25,0.34
-0.8316,0.9777
-0.3182,-0.1531
0.7506,0.9939
0.765,0.9771
0.4939,0.9943
-0.2263,0.9839
-0.25,0.9884
0.0,0.9412
0.296,0.0
0.0,0.9931
0.9509,0.9983
0.3612,0.9933
0.8481,0.9756
0.5423,0.997
0.6705,0.5859
-0.128,0.9602
-0.8151,0.9727
0.128,0.9161
0.2263,0.8858
-0.7003,0.6887
0.7351,0.5267
-0.34,0.7003
0.3612,0.8779
0.2023,0.9981
0.0,0.9928
-0.4215,0.4215
-0.0644,-0.5584
-0.1513,0.9802
0.2732,0.9194
0.836,0.9738
0.7906,0.9628
0.5106,0.9898
0.4939,0.9943
-0.296,0.0
0.0,0.8167
0.5423,0.9918
-0.5423,-0.9701
0.4767,0.9914
0.1531,0.9839
0.8979,0.9831
0.6369,0.9792
-0.7003,0.8076
0.6705,0.0
-0.296,0.0516
-0.4333,0.966
-0.128,0.9602
-0.2732,-0.5994
0.3262,0.9801
0.4215,0.9867
-0.793,-0.9125
0.34,0.5719
0.7553,0.3818
0.6908,0.2732
0.4767,0.656
0.4404,0.9652
0.7351,0.9765
-0.3182,-0.1406
-0.5719,-0.4939
0.3182,0.9705
0.0772,-0.7641
0.1027,0.9612
0.0,0.8832
0.7964,0.9916
-0.2617,0.9834
0.6901,0.9341
0.0,0.9814
0.0258,0.3182
0.5574,0.9613
0.0258,0.9826
-0.4767,-0.93
0.4215,0.9801
0.296,0.9866
0.0,0.9852
0.0,0.9501
0.296,0.9821
0.4939,0.4019
0.4404,0.9839
0.0,0.4946
-0.2732,0.8228
0.8519,0.9969
-0.34,0.6826
0.6705,0.8316
0.4019,0.9417
0.4019,0.9417
0.7479,0.9972
-0.128,-0.2153
0.5927,0.3221
0.0516,-0.5267
-0.2023,0.6956
0.4767,0.9884
-0.2263,0.1779
-0.5574,-0.5719
0.5106,0.9612
0.0772,0.9482
0.3612,0.4386
0.5267,0.9869
-0.0258,-0.9762
0.5719,0.9001
0.2732,-0.34
-0.2732,0.9684
-0.3612,0.8658
0.0,0.9932
0.0,-0.466
0.1027,0.9806
0.9178,-0.3612
0.0,0.8126
0.3818,-0.9922
0.8143,-0.986
0.0,0.9705
0.4019,0.892
0.1531,0.7495
0.0,0.9325
-0.2263,0.7553
0.4215,0.9794
0.7717,0.9985
-0.0516,0.8701
-0.2023,0.715
-0.4404,0.9934
0.4939,0.9456
0.5267,0.9173
0.25,-0.914
0.4215,0.969
-0.8008,0.8987
0.2732,0.4939
0.5106,0.1815
-0.521,-0.6808
-0.8271,0.9913
0.2023,0.8589
0.25,0.9906
0.1779,0.8519
0.3182,0.4019
0.0,0.8721
0.0,0.4153
-0.4525,-0.6898
0.7717,0.9985
0.25,-0.914
-0.1531,-0.9509
-0.5574,0.9968
0.6597,0.9928
0.5423,0.989
-0.3919,0.8738
0.0,0.8944
-0.5719,0.6105
0.2919,0.9927
-0.6486,-0.1326
0.7845,0.836
-0.2732,0.9694
0.128,0.9954
-0.7184,0.5416
0.6597,0.9893
0.4019,0.9912
0.3818,0.9712
0.0,0.4404
-0.0258,0.7066
0.4404,0.9933
-0.0129,0.993
0.3612,0.9038
0.0,0.0
0.1779,0.9877
0.296,0.1531
-0.5106,0.2144
-0.3182,-0.6681
0.8262,0.802
0.0,0.4939
0.4019,0.8004
0.4019,0.8004
0.128,0.9941
0.0,0.9693
0.25,-0.4601
-0.25,0.9519
0.0772,0.9954
0.3818,0.6808
-0.1901,0.8779
-0.2263,0.9796
0.0,0.6705
0.0,0.932
0.6597,0.9821
0.2732,0.9177
0.0772,0.0
0.431,0.9979
0.34,0.8522
0.128,0.9628
0.6124,0.9814
0.4588,0.9912
-0.1531,-0.3003
0.4854,0.9273
0.8402,0.804
-0.2732,-0.0387
-0.1406,-0.5346
-0.1531,0.9893
0.7579,0.997
0.2732,-0.0772
0.0,0.9652
-0.0258,0.2263
0.2263,0.7901
0.3612,-0.0127
-0.5267,0.9327
0.4939,-0.0258
-0.4588,-0.8658
0.5994,0.9886
0.4404,0.9368
0.4404,-0.5127
0.5574,-0.873
0.8225,0.5714
0.0,0.7583
0.5859,0.0
0.296,0.7269
0.4215,0.9688
-0.3612,0.6735
0.4939,0.974
0.5859,0.3818
-0.7271,0.9285
0.7964,0.978
0.8176,0.0469
-0.4404,-0.128
0.6808,-0.743
0.4767,0.9732
0.5118,0.9796
-0.024,0.9664
0.3182,0.9917
0.3818,0.996
-0.0258,0.8021
-0.2263,0.9781
-0.3724,-0.3206
0.0,0.9568
-0.4019,0.9916
0.0,0.9944
-0.1531,-0.3003
0.6597,0.9928
0.4019,-0.9545
0.5023,0.8658
0.2732,0.9951
0.802,0.9814
0.7003,0.9927
0.4019,0.296
0.296,0.9902
0.0,0.781
0.0,0.9568
0.0,0.802
0.5859,0.0
0.2023,-0.5666
0.1531,0.9451
0.0,0.8834
-0.1808,0.0485
0.3818,-0.3291
-0.1027,0.7564
0.296,0.9891
0.0772,0.8922
-0.5423,0.9032
-0.431,0.7964
0.6124,0.9825
0.4215,0.3235
0.2263,0.9001
0.6486,-0.0772
0.5719,-0.4957
-0.4215,0.9881
0.2732,0.5859
-0.34,0.95
0.4215,0.9061
0.8834,0.8176
-0.34,0.9619
0.4404,0.9828
0.0,0.9623
0.0,0.903
0.0258,0.9884
0.128,0.9829
0.5423,0.9943
0.5719,0.9788
0.2732,-0.5522
0.6486,0.9951
0.4588,0.93
0.0,0.6597
-0.3506,0.961
-0.3506,0.9871
0.296,0.9803
0.8271,0.9761
-0.5106,0.8602
-0.355,0.2732
-0.4535,0.9322
0.296,0.836
0.296,0.9738
-0.5413,0.9169
-0.25,0.9169
-0.0772,0.9755
0.4404,0.802
0.4019,0.802
0.5106,0.64
-0.0772,0.9819
0.0516,0.2682
-0.6369,-0.9824
-0.5994,0.8279
0.743,0.9186
0.4215,-0.982
-0.8625,-0.9029
0.0,0.0
0.4019,0.1108
0.4767,-0.0258
0.5267,0.1531
0.0,0.9875
0.4019,0.9041
0.0,0.9517
-0.5719,0.8858
-0.3818,0.8555
0.0,0.9946
0.4215,0.9528
0.296,0.9896
0.6369,0.9974
0.4215,0.34
-0.6369,-0.9951
0.0,0.9504
0.4939,0.9604
0.0,0.969
0.0,0.0
-0.5106,-0.34
-0.5719,0.9428
0.7184,0.9902
-0.3818,0.9231
0.4588,0.9684
0.0,0.6369
-0.296,-0.6817
0.0,-0.4404
0.0,0.2649
0.4588,0.0
0.0,0.397
0.0,-0.8506
-0.4588,-0.2023
0.3818,0.8555
0.4939,0.5719
-0.2732,-0.9385
0.2263,0.9933
0.0,0.8849
-0.4939,-0.1504
-0.0516,-0.7184
0.0,0.836
0.4588,0.8689
0.0,0.8399
-0.5994,0.9897
0.0,0.1779
0.0,0.0
0.7096,0.9934
0.0,0.9577
-0.4404,0.8101
-0.5106,-0.34
-0.7003,-0.9357
-0.1027,0.9823
0.7684,0.944
0.0,0.9313
0.0,0.2649
-0.2732,0.9871
-0.0258,-0.8997
0.0,0.5106
0.2263,0.9933
-0.4257,-0.2023
-0.7096,0.5423
0.0,0.0
0.0,0.9618
0.6369,-0.5489
-0.4939,-0.5106
-0.2023,-0.842
-0.296,-0.8427
0.128,-0.9773
0.0,0.9675
-0.7845,-0.9811
0.4215,0.9653
-0.4939,-0.5106
0.296,0.7814
-0.1181,0.7682
-0.3919,-0.1779
-0.4019,-0.8861
0.296,0.9957
0.3182,0.9757
0.4019,0.896
0.1027,0.9761
-0.1531,-0.5777
0.6901,0.9537
-0.296,-0.9674
0.5423,-0.9861
0.0,-0.3818
0.4588,-0.1406
-0.4854,0.9911
0.0772,-0.943
0.6486,0.7567
-0.2263,0.9674
-0.1779,-0.9571
-0.1531,0.9787
0.128,-0.9773
0.4588,-0.6249
0.5574,0.9509
-0.5859,0.9253
0.1779,0.8122
-0.0516,-0.9325
0.5574,0.9985
0.5267,0.9727
0.0,0.0
-0.2263,0.8022
-0.5574,0.9201
0.0772,0.5574
0.0258,0.9974
0.3612,0.5724
0.1779,-0.128
0.2263,0.6369
-0.2732,-0.9309
-0.8271,-0.9749
0.0,0.9991
0.4939,0.8444
-0.5994,0.9774
0.4215,0.8375
0.4522,0.775
-0.7783,-0.9966
-0.3597,-0.9356
-0.5423,-0.9627
-0.8519,-0.9493
-0.2732,0.9749
0.6808,0.9112
-0.9652,-0.9892
-0.0772,0.9709
0.1027,-0.5719
0.0,0.0772
0.1779,0.0644
-0.2732,-0.34
0.7964,-0.7861
0.0,0.9556
-0.296,-0.7717
0.0,-0.9834
0.1655,-0.5574
0.5719,0.0672
0.2732,0.9969
-0.296,0.8481
-0.6705,-0.85
-0.7184,0.2732
-0.4939,-0.9874
0.0,0.8779
0.7506,0.9818
0.0516,-0.9478
0.4215,0.9686
-0.8876,-0.982
-0.7964,-0.9668
0.1027,-0.9733
-0.8158,-0.9974
-0.128,-0.9862
-0.0258,0.3384
-0.1531,-0.9908
-0.9419,-0.9845
-0.1779,-0.9919
0.8957,0.9942
0.4939,0.9823
0.6705,-0.4934
0.5647,0.9776
0.7717,0.979
0.6369,0.0772
0.0772,0.5499
0.6486,0.9509
-0.2716,-0.8011
-0.296,-0.802
-0.6249,0.9704
-0.0516,-0.8717
-0.0516,-0.9596
0.1779,0.0644
-0.3083,0.1525
-0.6369,0.8442
0.4215,0.9127
0.3612,0.9604
0.0,0.9882
0.0,0.8271
-0.8807,0.2449
-0.8807,-0.9805
-0.3071,0.5719
0.128,0.7974
0.0,0.6797
0.765,0.7107
-0.3701,0.2732
0.3612,0.9908
-0.7184,-0.986
0.2732,0.9969
0.7351,-0.3182
0.7269,0.9906
0.8641,0.7909
0.296,-0.8934
0.9118,0.9918
-0.0258,-0.9974
-0.6124,-0.9209
-0.8176,-0.9936
0.1531,0.9607
0.25,0.8508
0.2732,0.9722
0.0,0.2732
0.296,0.5081
0.296,0.5081
-0.2732,0.9729
0.8225,0.9478
0.0,0.9859
0.2023,0.9674
-0.5574,0.7096
0.0,0.5733
0.4019,0.1581
-0.1531,-0.9524
0.6249,0.9899
-0.6124,-0.8586
-0.3612,-0.7899
0.2732,-0.8637
0.0,0.4588
0.4939,0.9729
-0.5423,-0.8957
0.4939,0.976
0.3612,0.9942
-0.6369,0.8442
0.4215,0.9127
0.7669,0.1027
0.25,-0.9841
0.0,0.8271
-0.8807,-0.9805
0.3182,-0.6705
-0.5927,0.9662
0.6486,0.5267
-0.3506,-0.985
0.0,0.9601
-0.6369,-0.8409
0.0,0.8315
-0.4404,0.25
-0.3818,-0.4315
0.34,0.6597
0.8074,0.9587
0.6124,-0.9825
0.7096,0.9885
-0.2585,-0.8591
-0.3632,-0.9792
-0.8176,-0.9936
0.6124,0.918
-0.2732,0.3818
0.8225,0.9728
0.9118,0.9918
0.0,0.9928
-0.34,-0.9127
-0.3818,0.296
0.2551,0.6808
0.6124,0.9734
0.6249,0.9899
0.0,0.946
0.4939,0.978
0.5325,0.8809
0.7717,0.8128
0.0,0.25
0.0,0.3612
0.4215,0.9664
-0.128,0.3612
0.296,-0.3304
0.1531,0.9526
0.3612,0.9952
0.3612,0.8483
-0.4215,0.0517
-0.8442,-0.9802
-0.2023,-0.9864
0.4939,-0.5719
-0.7783,-0.9966
0.296,0.9134
0.0,0.5994
-0.1027,-0.5232
0.4019,0.9349
0.0,0.6621
0.0258,0.9559
0.4767,0.296
-0.1406,0.9926
-0.128,0.9939
0.1779,0.4404
-0.0258,-0.9739
-0.4404,-0.789
0.0,-0.9197
0.0258,-0.9136
-0.7579,0.4946
-0.5267,-0.34
0.7096,0.9967
-0.4588,0.9419
-0.7906,-0.3502
0.5267,0.9762
0.0,0.9973
0.5106,0.7863
0.6249,-0.6935
0.6705,0.9169
0.2263,-0.7579
0.4019,0.9325
0.4019,0.9682
-0.6808,-0.9929
-0.0516,-0.8577
-0.5859,-0.9136
0.4404,-0.7984
-0.7449,-0.653
-0.4588,-0.9203
0.296,0.9134
-0.2263,-0.9331
-0.6249,-0.8684
-0.7096,-0.8201
0.0,-0.9836
-0.7579,0.4946
0.4019,0.9387
0.2023,-0.801
-0.2732,0.9841
-0.25,0.9872
0.4019,0.9682
-0.0516,0.9605
0.0,0.5267
0.0,0.5267
0.1531,0.9633
0.0,0.9809
-0.4588,0.7351
0.775,0.5106
-0.6369,0.9849
-0.7003,-0.9211
-0.4215,-0.9451
0.0,0.9943
0.5267,0.9044
0.8481,0.9796
-0.3818,-0.5145
-0.899,0.9844
-0.899,0.6565
-0.4767,-0.9349
0.0258,0.9962
0.6249,0.998
0.4767,0.9967
-0.1779,0.8519
0.5106,0.9803
-0.8126,-0.9878
0.3182,0.9437
0.0,0.9221
0.3182,0.991
-0.3612,-0.8024
-0.7096,0.9366
0.8347,-0.9418
0.0,-0.9563
0.0,-0.9549
0.0,-0.8735
-0.3612,-0.5298
-0.4215,-0.6249
-0.8979,-0.9607
0.5267,0.9044
-0.1027,0.9932
-0.0516,0.9545
-0.7783,0.0804
-0.2878,0.9613
0.3612,0.9513
0.1779,0.9891
0.4019,0.9657
-0.3089,-0.866
-0.3147,0.4939
-0.6705,-0.9887
0.6369,0.9325
0.0258,0.9962
-0.4588,0.7574
-0.7184,0.9933
0.296,0.8126
0.0,0.872
-0.296,0.9923
0.0,0.9979
-0.2023,0.3612
-0.8074,0.9766
-0.6908,-0.975
-0.8074,0.9022
-0.6597,-0.3034
0.3903,-0.9384
-0.7096,0.7227
0.25,0.9711
0.6908,0.9667
0.0,0.8689
-0.5423,-0.951
0.0,0.0516
0.0,-0.5994
-0.5719,0.9074
-0.2732,0.9948
0.765,-0.0105
0.2732,0.9849
-0.8979,-0.9193
0.0772,0.8129
0.5267,0.6486
-0.1027,0.8176
0.5423,0.5964
-0.3612,-0.5574
0.3612,0.9513
0.0,0.9816
-0.2732,0.9703
-0.6597,0.9771
-0.6597,0.9497
-0.4588,0.7704
-0.4588,0.7704
-0.5499,0.9869
0.1531,0.6223
-0.6705,-0.9887
-0.4215,0.7368
0.3818,0.222
0.128,0.906
0.0258,-0.6566
0.765,0.0516
-0.25,0.6669
0.0772,0.9592
0.7906,0.8686
0.7906,0.8686
0.25,-0.6573
-0.743,-0.9253
-0.4019,-0.8228
-0.7184,0.9933
-0.2263,0.0
0.6124,0.9736
-0.7096,0.9946
-0.7269,-0.8934
0.743,-0.894
-0.4215,-0.9191
-0.3182,-0.94
-0.7579,0.802
0.0516,0.8793
0.0129,0.2233
-0.6249,0.9568
-0.3919,0.9287
0.0,0.9001
0.128,0.6402
-0.1,0.984
-0.4767,0.966
0.3903,-0.9384
0.7506,0.9873
0.25,0.9711
0.4404,0.9922
0.6908,0.9667
0.3612,0.9711
0.3612,0.9885
0.0,0.9927
-0.5423,-0.951
-0.3291,0.9387
-0.0258,0.9954
0.0,-0.9186
0.0,-0.5994
-0.0258,-0.601
0.4767,-0.9508
0.4588,0.9942
0.6249,0.4719
0.5574,0.9973
-0.0516,0.9959
0.886,0.9746
0.0,0.7351
-0.8442,-0.5609
-0.5346,0.8074
-0.8402,0.9958
-0.1531,0.2617
0.6124,-0.8511
0.6124,-0.9023
-0.5719,-0.9959
0.2382,0.9802
-0.2732,0.9252
-0.2732,-0.974
0.4588,0.5734
-0.3818,-0.6956
-0.3818,-0.0772
-0.5267,-0.9204
0.128,0.906
-0.802,0.9375
-0.802,0.9375
0.4019,0.0839
-0.4215,0.5455
0.09,0.4404
0.2023,0.998
-0.7579,-0.6249
0.8074,0.9081
0.7845,0.2322
0.0,-0.9376
0.34,0.8624
0.0,-0.6124
0.4404,0.8413
0.0262,0.984
-0.4767,0.9657
-0.7063,0.7269
0.296,0.802
-0.6597,0.9814
-0.128,0.8953
-0.5106,0.8953
0.6428,0.3818
0.0,0.4297
-0.6249,0.9894
0.8746,-0.9885
-0.2263,-0.9276
-0.0516,0.5346
0.3182,0.9892
-0.6769,0.9932
0.4939,0.4588
0.3818,0.8294
-0.7351,-0.8813
-0.8176,-0.5635
-0.2732,-0.9643
-0.5859,-0.9935
-0.5346,0.8074
0.1531,-0.82
-0.1531,0.2617
-0.3182,0.9337
-0.2732,-0.1531
0.3626,-0.979
-0.128,-0.8408
0.0,0.824
0.34,0.5574
0.8658,0.9952
0.4215,-0.8918
0.3612,0.8083
0.0,-0.9633
-0.6486,0.9782
-0.101,-0.6436
-0.9118,-0.9959
0.7351,0.9875
0.0,0.9961
0.0,0.9848
-0.7906,0.167
0.128,0.5506
0.0,0.9655
-0.8625,0.8807
-0.128,0.9886
-0.2023,-0.847
-0.5719,0.1531
0.4588,0.9377
-0.296,-0.9229
0.5267,-0.8519
0.5267,0.3612
0.0,0.6369
0.2263,0.8798
-0.128,0.919
0.5267,0.9736
0.7501,0.965
0.4939,0.802
-0.1027,0.9792
0.0,0.9955
0.3182,0.9838
-0.5719,0.9581
0.2023,0.9791
0.2374,-0.971
-0.1027,0.4215
-0.7845,0.8555
-0.34,0.9714
-0.0772,0.9912
0.2023,-0.954
0.0258,0.1379
0.539,0.9764
0.8074,0.8208
-0.5106,0.9624
-0.296,0.8126
-0.296,-0.34
-0.4019,-0.9724
-0.296,0.999
0.1027,0.968
-0.2411,-0.9173
-0.2263,0.9978
0.1531,-0.6249
0.3182,0.6249
0.6115,0.9524
-0.5574,-0.802
0.1779,-0.128
0.1779,-0.128
0.4404,0.9959
-0.6486,0.9782
-0.128,0.3536
0.0,0.8519
0.0,0.6369
-0.128,0.9886
0.0,0.9963
-0.3182,0.9481
0.5267,-0.8519
-0.0772,0.9912
0.0,-0.9531
-0.2732,0.7096
-0.2023,-0.8427
0.2732,0.941
0.5994,0.6808
-0.8885,-0.8922
-0.7269,-0.9661
0.296,0.856
0.2732,0.9852
-0.7783,-0.9874
0.0,-0.6705
-0.4404,-0.9922
-0.5994,-0.6705
0.0,-0.9209
0.3818,0.9932
0.0,0.998
0.5719,0.4382
0.0,0.6808
0.128,0.9885
0.6597,0.992
-0.3818,-0.9758
0.765,0.8974
-0.2263,-0.1655
0.802,0.9874
0.5023,0.9969
-0.4404,0.9735
0.0,0.8934
0.2263,0.9815
0.6808,0.9858
-0.5574,0.9564
-0.5574,0.9283
0.1045,0.9701
-0.4215,0.9909
0.4404,0.2023
-0.128,0.9435
0.5859,-0.743
-0.8074,-0.9698
-0.3818,0.856
-0.8271,-0.433
-0.4404,-0.9856
-0.2732,0.7184
0.5346,0.998
0.6124,0.8945
0.4019,0.7517
0.2023,0.4416
-0.25,0.9976
-0.7506,0.8851
-0.5267,-0.8442
0.3612,0.992
-0.6908,-0.6187
0.3612,0.9158
0.2732,0.9517
-0.4019,-0.908
-0.6124,-0.9702
-0.4404,0.1734
-0.2144,0.956
-0.7003,-0.9594
-0.2732,-0.7311
0.6808,0.9174
0.0258,0.8266
0.5994,0.8963
0.7579,0.9186
0.2263,0.9914
-0.4404,-0.9749
-0.6369,0.8724
-0.5267,-0.9613
0.8735,0.9927
0.0,0.9975
-0.128,0.99
0.5267,0.6808
0.5859,0.3818
0.8519,0.9946
-0.3744,-0.6124
0.7184,0.9996
-0.3612,0.3818
0.1779,-0.6088
0.4019,0.984
-0.128,0.0802
0.4404,0.9898
0.5994,0.9875
-0.6705,0.7463
0.3818,0.9349
-0.3612,0.5927
0.0258,-0.8885
0.4588,0.9726
-0.6808,-0.9848
-0.3818,0.6955
-0.7506,-0.9906
0.2023,-0.4513
-0.4215,0.9765
0.34,0.9134
-0.4019,0.2537
0.0,0.9198
-0.5106,0.9857
0.0,-0.8861
-0.7814,0.7838
-0.7184,0.9621
0.4588,0.9652
-0.6249,-0.998
-0.2732,0.2846
0.4404,0.5283
0.3182,0.9467
0.5267,-0.9143
0.1027,-0.3184
-0.34,-0.2732
0.2263,0.847
0.0,0.9967
0.6124,0.7668
0.0,0.8074
-0.1027,-0.8765
0.4019,0.9665
0.6249,0.0274
0.2732,0.9972
-0.0644,-0.9894
-0.0644,-0.9894
-0.4588,-0.2105
-0.6249,0.9297
0.2732,0.5267
0.2263,-0.6601
-0.0258,0.7634
-0.3818,0.9099
-0.5106,0.8402
-0.4404,0.9547
0.5423,0.9791
0.7906,0.9944
0.2732,0.8674
0.6705,-0.8481
0.5106,0.9576
0.6705,-0.4103
0.7269,0.9836
0.1531,0.0387
-0.8271,-0.9595
0.7351,0.8603
-0.0772,-0.8875
-0.2263,-0.8001
0.6597,0.1358
0.4215,0.6369
-0.4019,0.7632
0.0,-0.6083
-0.5994,-0.9825
0.0516,0.6757
-0.0772,0.34
0.0,0.0258
0.0,0.0258
-0.3544,-0.8846
0.2023,-0.2658
-0.8126,0.9922
-0.2052,0.3818
0.8316,0.9469
-0.6597,-0.9887
0.6486,0.9028
0.0516,0.4939
0.3919,0.5558
-0.6705,-0.6849
0.0,0.4071
-0.3818,-0.7703
-0.6124,-0.9685
0.4019,0.8264
-0.8151,0.9197
0.34,0.7987
0.4019,-0.8793
0.4588,0.9688
0.5574,-0.4142
0.0,0.9953
-0.128,0.8938
-0.4767,0.8481
0.6597,0.6385
0.0,0.3612
0.4939,0.7506
-0.3182,-0.9887
0.128,-0.8455
0.4215,0.9985
0.0,0.7638
0.0,-0.958
0.7003,0.9696
0.7506,0.9902
0.0,0.9936
0.3612,0.992
-0.5423,0.9655
0.8176,0.9764
0.1779,0.6908
0.7003,0.9838
0.8176,0.9661
0.1779,0.9937
0.7845,0.9974
0.7003,0.8402
-0.34,0.7003
-0.765,-0.8746
0.6249,-0.8074
0.7713,0.9644
0.0,0.4144
-0.5574,-0.709
0.2023,0.9291
0.4767,-0.9144
0.0,0.4144
0.0,0.9885
0.2023,0.9225
0.296,0.9911
-0.5574,-0.4843
0.8481,0.96
0.0276,-0.8864
0.3818,-0.1486
-0.0258,0.0892
0.0,0.8914
0.6124,-0.8241
-0.1326,-0.7899
0.0,0.9885
0.2732,0.936
0.296,0.9677
0.296,0.7797
0.3818,0.5627
0.0,0.9439
0.2023,-0.9926
-0.8948,-0.9965
-0.4939,-0.1082
-0.4588,-0.9521
0.3182,-0.9121
0.3182,0.9226
0.2023,-0.964
0.3818,0.9482
0.2732,0.1531
0.6351,0.7105
-0.204,0.9415
-0.8555,0.5267
-0.7783,0.5717
0.3182,0.9229
0.34,-0.9435
0.0,-0.4019
-0.7783,0.8332
0.0,-0.4019
0.5106,0.987
0.4019,0.5859
0.7184,0.8689
0.0,0.7783
-0.1027,-0.6729
-0.8271,0.9875
-0.8271,0.9875
-0.6231,0.6187
0.7906,0.9201
-0.4215,0.9966
-0.0258,0.6808
0.4404,-0.1406
-0.6597,0.9896
0.0,0.6124
0.1531,0.8884
0.4215,0.9656
0.6369,0.802
0.6908,0.4767
0.2263,-0.8945
0.1531,-0.708
-0.3182,-0.8059
0.296,0.7717
0.6234,0.9609
0.128,-0.7459
0.128,-0.7459
0.2023,-0.8749
-0.0516,0.9978
0.3818,0.952
-0.128,-0.9153
-0.6249,0.8154
0.2263,-0.5499
-0.0516,0.9423
0.0,0.9967
-0.2023,0.9671
-0.2023,0.9724
0.296,0.4404
0.7845,0.5034
0.0,0.8689
0.0,0.5267
0.0,-0.7579
-0.5574,0.865
-0.2023,0.0
-0.8847,0.915
0.7906,0.9821
-0.8176,-0.2238
0.7484,0.9199
-0.5994,0.9668
-0.4588,0.7351
-0.2023,0.872
0.7506,0.0
-0.5267,-0.7899
-0.5267,-0.7899
-0.8948,-0.9965
-0.128,-0.8248
0.2732,-0.9578
-0.25,0.2263
0.1779,0.6908
-0.25,0.8218
-0.25,0.9379
-0.8555,-0.7237
-0.5574,0.3839
-0.128,0.9432
-0.7783,0.5717
-0.6369,0.5251
0.0,0.8428
0.0,0.8428
0.0,0.0772
0.4404,0.1139
0.2023,-0.8149
0.2023,-0.8149
0.2732,-0.1735
0.2732,-0.1735
0.0,0.3612
0.296,0.7628
0.2732,0.966
0.2732,0.926
-0.2732,0.9914
0.296,0.7003
-0.0772,0.996
0.0,0.0
-0.0772,0.9957
0.0,0.9941
0.0,0.5106
-0.6705,-0.9758
0.2732,0.9992
0.6808,0.8885
-0.4215,0.8402
-0.3804,0.6369
0.0258,0.802
-0.0258,-0.8807
0.2263,-0.4939
0.4404,0.9612
0.0,0.6801
0.7783,0.6573
-0.2263,0.9294
0.5267,0.0
-0.3612,0.8999
-0.4939,0.9775
0.6808,0.9598
0.6808,0.0516
0.0,0.0356
-0.6486,0.9413
-0.5809,0.9168
0.0,0.4585
0.4404,0.7236
-0.3612,0.9898
-0.6597,-0.9337
-0.4767,0.9731
-0.7876,-0.0216
0.0,-0.4268
0.4215,-0.0387
0.0,0.4501
0.0,-0.8271
0.0,0.9509
0.2846,0.9906
0.296,0.6124
-0.6124,-0.9485
0.7184,0.743
-0.6249,0.4215
-0.25,0.2263
0.1779,0.6908
0.0,-0.2846
-0.25,0.8218
-0.2263,0.9741
0.5574,0.9878
0.0,0.7773
-0.2263,0.9935
-0.6486,0.4939
0.25,0.9868
-0.6369,0.5251
0.2023,0.9953
-0.6705,-0.5025
0.0,0.993
0.0,0.993
0.0,0.0772
0.7351,0.9785
0.1027,-0.8926
0.7615,0.9988
-0.128,-0.6661
0.296,0.7628
0.128,-0.8657
0.2023,0.952
0.2732,0.966
-0.1027,0.0997
0.0,-0.4019
0.7034,0.9923
-0.4208,0.9747
0.296,0.7003
0.1779,0.6444
0.0258,0.9719
0.2723,-0.687
0.0,-0.128
0.0,0.976
0.3612,0.9975
0.5859,0.2263
0.8126,0.0
-0.4588,0.484
0.2263,0.9841
0.2263,0.4472
0.4118,0.6705
-0.2846,0.9839
0.7506,0.4215
-0.4767,0.3182
0.4404,0.7236
0.2023,-0.4461
0.4588,0.9714
0.0,0.5994
-0.25,0.679
0.4404,0.9825
0.4588,-0.8885
0.296,0.9429
0.5106,0.8934
0.2023,0.9413
-0.296,0.4215
0.4215,0.9883
0.4588,-0.8519
-0.5106,-0.1689
-0.0258,-0.9217
-0.4404,-0.9818
-0.5267,0.8858
-0.2263,0.9935
-0.6486,0.4939
0.25,0.9868
-0.6705,-0.5025
0.7351,0.9785
0.7615,0.9988
-0.4588,0.7365
0.0,0.0
0.128,-0.8657
0.25,-0.8054
-0.1027,0.0997
0.0,-0.4019
-0.2732,-0.946
-0.4767,0.9816
-0.5423,-0.3802
0.1779,0.9975
0.6597,0.2144
0.0,0.8807
0.3182,0.9293
0.3182,0.4749
0.4404,0.6872
0.8225,0.6853
0.7003,0.9744
0.5927,0.9941
-0.2732,-0.9232
0.128,0.8876
0.7579,0.9825
-0.4588,0.8244
0.2023,0.0
0.296,0.9787
0.0,0.9246
0.0,-0.128
0.4019,0.9666
0.5994,0.9674
0.4939,0.8958
0.7506,0.9758
0.6908,-0.3544
0.0,-0.538
-0.7096,-0.9855
0.0,0.7351
-0.6705,-0.8462
-0.9477,-0.9767
-0.9595,-0.938
0.0,0.0
-0.4588,-0.9153
-0.8519,0.985
-0.6249,-0.998
0.296,-0.7351
-0.7783,0.0
-0.0258,0.8952
0.4404,0.9825
0.1779,0.9807
0.0258,-0.9339
0.0,0.9299
-0.34,-0.8837
0.0,0.7184
0.3818,0.9858
0.1779,-0.8443
0.3182,0.9368
0.5267,0.6491
-0.4588,0.7365
0.4404,0.8689
-0.5994,-0.9861
0.0,0.8274
0.0,0.8274
-0.4404,0.7645
-0.25,0.8591
0.3182,0.0745
0.0,0.9939
0.4019,-0.4215
-0.4019,0.9898
0.7096,0.9871
0.5106,-0.871
-0.714,-0.8064
0.1027,-0.0644
0.0387,0.837
-0.6369,0.8807
-0.7717,-0.1655
0.5859,0.9966
-0.6705,-0.936
-0.024,0.6543
-0.25,0.8591
-0.2732,-0.5927
0.0,0.0577
-0.6249,-0.9982
-0.8374,-0.9679
-0.7506,-0.987
-0.875,0.9664
-0.8932,0.9122
-0.024,0.6543
0.2732,-0.7512
0.4019,-0.7646
0.25,0.949
0.765,0.9952
0.5267,-0.9805
0.3182,-0.7906
0.1531,-0.1779
0.6908,0.8957
0.6369,0.878
-0.9231,-0.8839
0.0,-0.9726
0.0516,-0.9937
-0.4215,-0.9942
0.7096,0.9601
0.0,0.836
0.0,0.5267
-0.0258,0.5346
0.0,-0.3634
-0.0258,0.8032
0.7269,0.9803
-0.2263,-0.3724
-0.2263,-0.9036
-0.1027,0.9927
0.0,0.9552
0.0,0.0577
-0.4588,0.9952
0.0,0.9915
0.0,-0.7648
0.7906,0.9188
0.296,0.8269
-0.7184,0.9621
0.2023,0.948
-0.6486,0.9971
-0.5719,0.8837
0.6705,-0.9511
-0.5739,-0.9873
-0.8674,0.8621
0.743,-0.7856
0.5267,0.9209
0.5129,0.9955
-0.2263,-0.9854
-0.3818,0.8122
-0.7391,0.9924
0.7351,0.2342
-0.0772,0.982
0.2732,0.9485
0.8689,0.9975
-0.5267,-0.8944
0.1779,0.7306
-0.4497,0.8625
-0.5719,-0.991
-0.3818,-0.9589
0.6908,0.9766
0.5267,0.9948
0.6344,0.9231
0.3818,0.987
0.7579,0.7007
0.4939,0.9774
0.0,-0.9943
0.4767,0.1972
-0.3182,0.7515
0.1027,-0.9515
-0.2023,0.847
-0.5423,-0.872
-0.128,-0.9455
0.1779,0.9791
0.1779,0.9791
0.4215,0.3716
0.4939,0.6808
-0.4404,0.9907
0.0,-0.9469
-0.4404,-0.8858
-0.7269,0.9925
0.0,0.9975
0.7351,-0.8937
-0.34,-0.2183
0.0,0.9933
-0.2263,-0.6555
0.0,0.1027
-0.6486,-0.1352
0.7506,0.8651
-0.2263,-0.9854
-0.8225,-0.789
-0.25,0.9906
0.8689,0.9975
-0.7684,-0.9849
-0.3071,0.9901
0.3818,-0.9821
0.296,-0.4684
0.2023,0.7721
0.743,0.9794
0.2732,0.9559
0.3818,-0.9769
-0.5267,-0.7391
-0.0258,-0.9811
0.0772,-0.9839
-0.2732,-0.8074
-0.7003,0.6356
0.5106,0.9981
0.0772,0.9062
0.4019,0.9901
0.4939,0.9774
0.2449,-0.4051
0.4767,0.1972
0.5574,0.9824
0.1655,0.9974
0.347,-0.0772
-0.8402,0.9841
0.4767,0.9826
0.5719,-0.4443
0.7003,0.9728
0.0,0.9021
-0.9201,0.9367
-0.3182,-0.9958
0.0,0.9769
-0.4019,0.6967
-0.5106,-0.9198
0.0,0.9805
-0.6705,-0.5994
0.0772,0.8635
-0.7887,0.3252
-0.8402,-0.8442
-0.6486,0.7096
-0.0258,0.9529
0.0,0.8362
0.3818,0.882
0.3818,0.9945
0.296,0.0
-0.743,0.2617
-0.6808,0.9349
-0.8402,-0.9988
0.2846,-0.128
0.0258,-0.5994
-0.2732,0.6369
-0.8271,-0.34
-0.5423,0.8555
0.4019,0.9901
0.5574,-0.9873
0.1027,0.9769
0.6914,0.6369
0.4966,-0.9424
0.0,0.9471
0.6808,0.9725
-0.6705,0.7494
-0.3182,0.9427
0.4588,0.9926
0.4767,0.9792
-0.34,0.8166
-0.4215,-0.9676
0.296,0.9931
0.0516,0.9512
0.0,0.9521
0.0258,0.9659
-0.4939,0.7184
-0.0772,0.9912
-0.0258,-0.1522
-0.4215,0.9947
0.1531,-0.8519
0.7615,0.9655
-0.5106,-0.7951
0.5574,0.99
0.128,0.9904
0.0,0.9243
0.7351,-0.9986
0.7351,-0.9971
0.2023,-0.3612
0.0258,0.6705
0.5574,0.9671
-0.743,-0.9648
-0.6705,0.3265
-0.3182,0.9226
0.0,0.9186
-0.7845,0.7131
0.0,0.9477
-0.5423,0.9741
0.0,-0.235
0.4966,-0.9424
0.6249,0.9871
-0.3919,-0.2122
0.296,0.9953
0.0,0.0523
0.34,0.9411
-0.4939,-0.9695
0.6369,0.9685
0.0,0.9789
-0.128,0.8961
0.1779,-0.3851
-0.8625,-0.3944
0.6597,0.9569
0.0,0.9186
0.7845,-0.2593
0.0,0.9761
0.0,0.765
0.4215,0.9937
-0.7845,0.0516
-0.4588,-0.765
-0.4588,0.6124
0.0,0.4588
0.6597,-0.4939
0.0,0.0772
0.34,0.9442
0.0,0.0498
0.5574,0.9325
0.7845,0.9603
-0.7184,0.853
-0.7184,0.853
0.5994,0.9841
0.0,0.505
-0.1311,0.9742
-0.296,0.128
0.8047,0.9744
-0.3818,0.9761
-0.1531,-0.7184
-0.25,0.5916
-0.743,0.9826
0.3182,0.968
-0.1779,0.6486
0.1082,0.5187
0.4767,0.4767
0.0258,0.3182
0.5719,0.9895
0.3612,-0.7717
0.0,0.8385
-0.8689,0.9111
-0.8381,0.8074
0.0,0.9895
0.4767,0.9741
0.2238,0.0
-0.7269,-0.9743
-0.5994,0.87
-0.0613,-0.0516
0.4522,0.9129
0.2882,-0.9863
-0.6369,-0.0941
-0.3612,0.9812
-0.4215,-0.7717
0.2263,0.9973
0.0,0.3652
-0.4215,0.9992
0.5859,0.7587
0.3818,0.9247
0.4767,-0.9274
-0.4215,-0.8963
-0.3919,0.9629
-0.4215,-0.9026
0.4767,0.9672
0.0,0.9856
0.25,0.9801
0.4404,0.7269
-0.4215,0.909
-0.4939,-0.5267
0.8176,0.9899
0.6808,-0.4019
0.5106,0.9847
0.296,0.9538
0.7906,0.9918
0.0,0.913
-0.4215,0.9469
-0.5574,-0.705
-0.0772,-0.762
0.25,0.8832
0.25,0.9972
-0.3415,0.9879
0.4767,0.8299
0.2732,0.8065
0.7584,0.9122
-0.2263,-0.9408
-0.5267,0.2263
-0.5423,0.121
-0.4588,0.945
-0.7951,-0.2516
-0.1779,0.7876
-0.6815,-0.9514
-0.1531,0.2263
0.0,0.9931
0.0,0.3408
-0.6652,-0.9775
0.0,0.9242
-0.4019,-0.7709
-0.3612,0.9186
0.3182,0.0
0.4939,0.7404
0.2023,0.7717
-0.891,-0.9878
-0.2263,-0.9268
0.296,-0.8658
0.3182,0.2927
-0.3612,0.8558
0.4215,0.4019
-0.5719,0.9161
-0.0516,0.9862
-0.7269,0.9657
0.296,0.9538
0.3182,0.4939
0.7906,0.9918
0.6486,0.9868
0.0258,0.9575
0.2732,0.8556
-0.0772,0.9879
-0.4215,0.9469
0.1531,0.5106
0.1531,0.5106
0.1531,0.5106
0.2732,0.8556
-0.34,-0.296
0.0,0.4098
-0.5994,0.7947
0.4404,0.5414
0.8934,0.9663
-0.2023,0.8387
0.25,0.9972
0.5719,-0.3462
0.3818,-0.9034
0.5118,0.6283
-0.5106,0.4443
-0.5423,0.121
-0.6486,-0.9732
-0.5106,0.8064
-0.1779,0.9818
-0.1531,0.2263
-0.0516,0.9022
0.2732,0.9939
-0.8176,-0.9929
-0.3291,0.9975
0.0,-0.25
0.0129,0.2732
0.1531,0.9861
-0.6249,-0.7447
0.1531,0.7845
-0.5106,0.296
-0.5106,0.9657
-0.4588,0.9912
0.017,-0.8362
0.7351,0.9325
0.2023,0.9878
0.0,0.9976
-0.34,0.4336
0.2023,0.9865
0.5994,0.9769
-0.5423,0.889
-0.5423,0.889
-0.5719,0.5319
0.765,0.9881
0.3182,-0.5509
-0.34,0.9874
0.8555,0.9967
0.5423,0.296
0.4299,0.0772
0.0,0.9042
-0.6486,0.4159
-0.2023,0.9503
-0.128,0.2732
0.2263,0.9287
0.4215,-0.2732
0.3182,0.7713
-0.34,0.9231
0.5719,-0.9887
-0.0258,0.7912
0.4019,-0.296
0.3182,0.8225
0.0,0.987
0.34,0.9732
0.34,0.9878
0.34,0.9846
-0.2023,0.6341
0.1531,-0.9961
-0.6369,-0.5413
0.6249,0.9858
0.5267,0.9628
-0.0,-0.4019
0.2484,0.9423
0.296,0.9903
-0.6705,0.8954
0.3818,-0.4316
-0.6705,0.8954
0.0,0.9744
-0.34,0.9865
0.1779,0.7346
0.2144,-0.0994
0.0258,0.8399
0.5423,0.943
0.3818,0.6059
0.0258,-0.9226
0.7579,0.9893
0.7579,0.9893
0.3818,-0.8111
-0.4215,0.1371
-0.7906,0.9512
0.204,0.9952
-0.3612,0.936
0.0,0.1779
0.4404,0.9852
-0.5574,0.4238
0.0,0.9216
0.1779,0.95
0.7964,0.9943
0.6597,0.9062
0.296,0.991
0.34,-0.9831
0.4256,0.644
-0.4322,0.2361
0.7269,0.946
0.7269,0.946
0.5267,0.9332
0.5267,0.7602
0.5267,0.9332
0.1027,0.9001
0.0,0.1027
-0.2023,0.9503
-0.3818,0.8625
0.1027,0.9735
-0.4939,0.938
0.1027,0.8765
0.2144,-0.4767
0.2144,-0.4767
0.2144,-0.4767
-0.2263,0.0
0.7845,0.9201
0.0,-0.25
-0.296,-0.9885
0.6808,0.7717
-0.3182,0.9858
0.8779,0.9953
-0.2263,0.9064
0.2023,0.0021
0.6249,0.9858
0.7003,-0.8763
-0.0516,0.2263
0.5764,0.9779
0.4019,0.9153
0.0,0.9578
-0.3818,0.7351
0.8316,0.7744
0.5574,0.979
-0.6249,0.1551
0.0,-0.4588
0.1779,0.9956
0.1779,0.9956
0.0,0.9371
0.4939,0.9787
0.0,0.9072
0.7506,0.9978
-0.4588,0.1779
0.3818,0.9217
-0.3182,0.9858
0.5423,0.8687
0.0,-0.1796
-0.8847,0.6575
0.2484,-0.9903
0.5574,0.9893
0.5106,0.9835
0.91,-0.9359
0.8625,-0.6918
-0.5267,0.9796
-0.8847,0.6575
0.3182,-0.1937
0.3182,0.9397
-0.128,0.5859
0.4939,0.5574
0.4939,0.5574
0.9382,0.9986
0.0,0.6739
0.0,0.6739
0.7579,0.8442
-0.296,0.1406
-0.1458,0.986
0.25,0.9595
0.1779,0.8225
0.3818,0.9957
0.4215,-0.9052
-0.128,-0.9325
-0.1027,0.5859
0.4767,0.9432
-0.128,-0.687
0.6705,0.6597
0.296,0.9694
0.0258,-0.2263
0.0,0.9977
0.296,0.9805
0.296,0.0
0.0,-0.8316
0.1027,0.9956
0.0,-0.1885
-0.128,0.9275
0.7003,0.7178
-0.2732,0.3415
0.4215,0.8384
0.0,0.8765
0.34,0.802
0.5574,0.9785
0.0,0.0772
0.0,-0.9908
-0.5574,0.8126
-0.6956,0.6623
-0.6956,0.6623
-0.3612,0.0
0.0,0.9812
0.5267,0.9538
0.1027,0.9862
0.0,0.9947
0.4939,0.9748
0.296,0.9777
0.7184,0.9712
0.3612,0.9649
0.3818,0.4588
-0.2263,0.5859
-0.2263,-0.5574
-0.4019,-0.872
-0.296,-0.9882
0.2023,0.9413
0.4939,0.8196
0.0,-0.1796
0.1027,0.9664
0.4939,0.7351
-0.4588,0.9153
-0.4497,0.9956
0.5423,0.8935
0.5859,0.8255
0.6597,0.9942
0.34,0.8814
0.0,0.7984
0.6481,0.3111
0.5719,0.0228
0.8074,0.7778
0.0,0.34
-0.5574,0.323
-0.1531,0.1116
0.3818,0.9981
0.7501,0.9678
-0.128,0.5859
0.3818,0.9861
0.7579,0.9416
0.7579,0.994
0.891,0.9379
0.6808,0.3818
-0.2263,0.9965
0.8176,0.9709
0.2732,0.4019
-0.128,0.0933
0.2263,0.9844
-0.25,0.9477
0.0,0.6621
0.0,0.7882
-0.7783,-0.5106
0.6597,0.7845
0.7269,0.9761
-0.2263,-0.965
0.7906,0.9931
0.6597,-0.9381
-0.3818,0.9732
-0.4588,-0.3818
-0.2023,0.9647
-0.2263,0.9329
0.2263,0.6486
-0.8381,0.8625
0.0258,-0.8439
0.0258,-0.8439
0.296,0.6705
0.296,0.9451
0.296,0.6705
0.4767,0.8402
-0.6249,0.9844
0.0,0.9705
0.2023,0.7003
0.4576,0.9776
-0.128,0.9275
-0.2263,0.9964
-0.128,0.9275
0.4215,0.8384
0.0,-0.9382
-0.7579,0.6877
0.3071,0.3247
0.0,0.9983
0.4404,0.8151
0.4404,0.8151
0.7184,0.9858
-0.6249,-0.7845
-0.5267,-0.9791
0.1027,0.9877
0.1779,-0.9177
0.5994,0.9842
0.4019,0.9681
0.0,0.296
-0.5106,-0.8082
-0.0516,-0.205
0.0,0.5642
0.128,0.8934
0.4019,-0.3182
0.0,0.791
0.0,0.2486
0.0,0.9826
-0.5667,0.4767
-0.5667,0.4767
0.25,0.0
-0.1027,0.9144
0.296,-0.7845
0.0,0.7579
0.7506,0.8942
-0.286,-0.8636
0.4404,-0.2653
-0.2732,0.0167
0.0,-0.976
-0.4404,0.9823
0.0,0.7772
0.743,0.0294
0.1779,0.296
0.7184,0.9555
-0.4939,0.4215
0.4588,0.9853
-0.3182,0.9062
-0.3182,0.296
0.0,-0.9625
0.0,-0.9625
0.0,-0.9625
0.0,-0.9625
0.5719,0.9702
0.0,0.0
-0.296,0.8074
-0.8316,-0.5813
-0.9081,-0.9203
0.2023,0.8225
-0.5267,0.4021
0.0,0.5423
-0.5267,-0.7715
0.4404,0.9516
-0.25,0.91
0.2263,0.9871
0.296,0.9645
-0.2263,0.8107
0.4939,-0.2501
-0.1027,0.9144
0.3818,0.968
0.5423,-0.8284
0.0,-0.3053
-0.4019,0.9742
0.4215,0.9601
0.0,0.9413
0.5859,0.9169
-0.6808,0.8622
-0.296,0.9818
0.34,0.9294
-0.4588,-0.9896
0.0,0.3818
0.0,0.7506
-0.25,0.8442
0.0772,0.4588
0.2732,0.9382
-0.5267,-0.3391
-0.5859,0.9326
-0.7184,0.9859
0.0,0.3826
0.0,0.962
0.0,0.9887
0.0258,0.9075
0.3612,0.8692
-0.5267,-0.5118
-0.296,0.8138
0.7351,0.9062
-0.128,0.9604
-0.5719,-0.9841
0.296,0.9645
0.0516,0.9779
0.7964,0.5267
0.0,0.5198
0.3182,0.1779
-0.4588,-0.9697
-0.2263,0.975
0.7783,0.9382
0.0,0.0757
0.8519,0.9869
0.0772,0.4215
0.4404,-0.3612
-0.1531,-0.9439
-0.5423,-0.2035
-0.1779,-0.802
0.0,-0.9515
-0.2732,0.742
-0.2732,0.9854
-0.8402,-0.9676
0.6249,0.9169
-0.765,-0.3442
-0.9231,-0.9902
0.0,-0.9921
0.4767,0.0
-0.1779,0.8832
-0.0772,-0.6369
0.4939,0.5574
0.2732,0.6486
0.0,-0.2732
0.6956,-0.265
0.5267,0.9291
0.5267,-0.9871
0.0,-0.8176
-0.2263,-0.765
0.8689,0.802
-0.1027,0.743
0.0,0.9201
-0.7845,-0.6369
0.8519,0.9869
-0.4588,-0.8777
-0.2732,0.742
-0.5106,0.6655
0.6956,-0.265
0.5267,0.4404
0.3182,0.9784
0.3182,0.9234
-0.5267,-0.128
0.4767,0.8268
0.25,0.3871
0.0258,-0.9803
0.7783,0.9081
0.3612,0.688
-0.5106,0.0
-0.7783,-0.988
-0.2732,0.742
-0.7096,-0.7468
0.0,0.7935
0.0,0.5994
-0.4939,-0.9893
-0.4404,-0.9806
0.6808,0.9727
0.2617,0.977
-0.8126,0.4859
-0.5106,0.6655
0.2023,0.7783
-0.4019,-0.978
-0.296,-0.6597
0.4767,0.9884
-0.5423,-0.4588
0.2732,0.6486
0.0,-0.2732
0.2732,-0.9274
0.5267,0.4404
-0.6808,0.9557
-0.7579,0.9863
-0.6705,-0.9917
-0.6705,0.0
-0.765,-0.9928
0.3818,0.7702
0.5423,-0.9042
0.0,0.9349
-0.1531,0.9902
-0.5719,-0.8712
0.0258,0.9681
-0.9136,-0.0516
0.2716,0.5023
0.8869,0.9661
0.7096,-0.1027
-0.5267,0.2247
0.5994,0.9758
0.5255,0.9985
0.5719,0.9842
0.3182,0.9234
0.0772,0.1027
0.0258,-0.9803
0.0772,0.9872
-0.743,0.9865
-0.7579,-0.6708
-0.9081,0.0704
0.3612,0.688
0.0,0.8361
0.5574,0.6249
-0.2263,-0.9668
-0.7783,-0.988
-0.8399,0.4576
0.0,0.0
0.0,-0.296
0.0,0.4215
0.0,0.296
0.0,-0.5267
0.7391,0.9766
0.4767,0.9517
0.0,0.296
-0.5267,0.4215
0.296,-0.3219
0.6705,-0.9701
0.4215,0.9706
0.6808,0.9727
0.0,0.9758
0.4404,0.5719
-0.5719,-0.9808
0.0,0.9912
-0.2617,-0.9793
-0.5267,-0.9882
0.0,0.3818
0.7845,0.9691
0.2732,0.7684
0.4767,0.9517
0.7269,0.9398
0.4215,0.2732
0.0,-0.079
-0.5423,-0.765
-0.296,-0.905
0.6705,-0.997
-0.128,0.6757
-0.802,-0.8271
-0.0516,0.8582
0.5423,-0.7525
-0.3818,-0.6993
-0.6597,-0.9325
-0.6249,-0.9612
0.3182,0.0516
-0.4404,-0.316
-0.7964,-0.6124
-0.7171,0.9498
-0.6705,-0.5466
-0.2732,0.3818
0.2023,0.992
0.2732,0.9892
0.6369,0.8945
-0.5106,0.9873
0.0,0.2732
-0.7269,-0.9705
-0.4767,0.3818
0.765,0.9869
0.4767,0.9971
0.4215,0.2732
0.6369,0.296
0.4215,0.0
0.0,0.3612
-0.7943,-0.4142
0.0,0.9524
0.5994,-0.3612
0.0,0.5574
0.0,0.791
0.5574,-0.4796
0.5574,-0.6816
-0.7635,-0.9956
-0.5106,0.7601
-0.5267,0.4215
0.0258,0.9867
0.0,0.743
-0.5994,-0.9643
-0.1027,0.9497
0.0,-0.2006
0.4588,0.9269
0.4404,-0.7939
0.0,0.7634
0.0,0.8007
0.4588,-0.296
-0.6808,-0.4588
0.2732,0.6486
0.0,-0.2732
-0.6908,-0.9112
0.5267,0.4404
-0.1531,-0.9929
-0.0516,0.8582
0.2716,0.9641
-0.6908,0.9441
-0.5719,0.4576
-0.2732,0.9403
-0.7171,0.9498
0.7003,0.9794
-0.2023,-0.476
0.6908,0.9906
0.2023,0.992
0.3182,0.9136
-0.743,-0.9896
0.4599,-0.8834
0.5277,-0.9786
0.0,0.9452
0.5106,0.9294
-0.5423,-0.9921
-0.5859,-0.9628
0.0,0.9259
-0.1027,0.2601
0.0,0.9682
0.0,0.1531
0.3182,0.6486
0.6369,0.6369
-0.5106,0.7077
0.296,-0.4404
0.7845,0.2263
-0.4118,0.9743
0.5574,-0.6816
-0.7635,-0.9956
-0.7269,-0.9208
0.1779,-0.5994
0.0,0.9539
-0.6908,-0.9112
0.7003,0.9794
0.3612,0.8442
-0.5574,0.8553
-0.743,-0.9896
-0.5859,-0.9628
-0.2235,0.9807
-0.6908,0.9441
0.2732,0.9726
0.0,0.926
0.34,-0.0189
0.0,0.743
0.0,0.998
0.3612,0.9811
0.5517,0.9524
0.6908,-0.5994
0.2304,0.7255
0.6124,0.5994
0.3612,0.688
0.5334,-0.5262
0.1531,0.9795
0.4767,0.9967
0.0,0.891
0.5719,0.9872
0.0,0.9941
0.5478,0.9862
0.7783,0.9945
0.0,-0.9584
0.8294,0.274
0.4019,0.8442
0.0,0.9769
0.0,0.9926
0.2716,0.9798
0.0,0.7351
0.8176,0.9885
0.3612,0.6374
0.0258,0.4215
-0.431,-0.8954
-0.4019,-0.7377
0.0,0.3919
0.4215,0.9841
-0.2263,-0.9475
-0.1779,0.9812
0.0,-0.9636
0.3182,0.6597
0.0,0.4404
0.3818,0.3818
0.0,0.9686
0.0,0.9912
-0.2617,-0.9793
-0.5267,-0.9882
0.0,0.3818
0.7845,0.9691
0.2732,0.7684
0.8567,0.9346
0.6808,0.0454
-0.25,-0.3919
-0.2732,-0.7717
-0.802,-0.8271
0.3612,0.9539
0.3182,0.9542
0.0,0.4939
-0.4215,-0.6715
-0.4588,0.6881
-0.6908,-0.7269
0.2732,0.6361
-0.4404,-0.316
0.0,0.0
-0.2732,-0.9944
0.2732,0.9892
0.2023,0.6478
0.5859,0.7841
-0.7269,-0.9705
-0.128,0.0
0.296,0.802
0.6249,0.9577
0.3182,0.6486
-0.8176,0.7094
0.2023,0.606
-0.2732,-0.1483
-0.7579,-0.8998
0.1027,0.3144
0.5267,-0.7351
-0.3818,0.9267
0.0,0.9537
0.0,-0.8489
-0.25,0.743
0.1531,0.8931
0.1027,0.7506
0.5719,0.9872
0.4215,0.6655
0.7061,0.9965
0.8294,0.274
0.0,0.0
0.25,0.9079
-0.0516,0.9842
0.7096,0.9816
0.743,0.765
-0.7579,-0.7611
0.5994,0.8402
0.34,0.128
0.6486,-0.834
0.0,0.5346
0.0,0.5182
0.0,-0.8658
-0.7003,-0.9612
-0.7003,-0.5994
-0.7003,-0.9933
-0.5719,0.6428
-0.4215,-0.9948
0.4927,0.8271
0.6705,0.9918
0.2023,0.9371
0.0,-0.9442
-0.5106,0.6794
-0.6682,0.34
0.0,0.9766
-0.2263,0.8761
-0.5106,0.7232
0.0,0.7269
0.3182,0.9853
-0.4596,0.9696
-0.34,-0.6705
-0.4404,-0.6725
-0.2263,-0.5739
0.5423,0.9118
-0.4601,0.4419
-0.6249,0.7096
0.4404,0.991
0.6518,-0.9014
-0.7184,-0.7722
0.0,0.9684
0.0,0.4939
0.5719,0.9741
-0.7844,0.9943
0.6908,0.5804
-0.2263,0.8201
0.0,0.296
-0.7902,0.3793
-0.4404,-0.2023
-0.1027,0.9758
0.0,0.5719
-0.5267,-0.5984
-0.5994,0.9822
-0.5859,-0.7825
0.6369,0.9755
0.2023,0.0
-0.296,0.3612
0.6597,0.9788
-0.5859,0.5699
0.3612,0.8481
0.7579,0.0
0.6597,-0.9517
-0.4596,0.6261
-0.4596,0.9696
-0.34,-0.6705
-0.5574,0.9959
-0.4404,-0.7266
0.7506,0.9351
0.6808,0.6369
0.5267,0.7783
-0.4767,0.0
0.0,0.0
-0.8176,0.5719
0.2023,-0.6124
-0.5106,0.296
-0.5413,-0.5766
0.0,0.891
0.0,0.0
0.4939,0.8834
-0.3182,-0.5867
-0.3818,-0.4019
0.3182,0.7096
0.7845,0.0258
0.481,0.9592
0.0,0.6094
0.0,0.9345
0.7506,0.9468
-0.5176,-0.2831
0.0387,0.8967
-0.3612,-0.3974
-0.3818,0.8176
-0.7184,-0.7722
-0.6486,-0.62
0.2094,0.8574
0.7351,0.4215
0.0,0.7964
0.0,-0.9085
0.0,0.9921
0.5499,0.9913
0.1779,0.9753
-0.2023,-0.8519
-0.2732,0.9454
-0.1531,0.9846
-0.0,0.4989
0.7351,0.9507
0.0,-0.6597
-0.2023,0.7458
-0.296,0.9428
0.296,0.9858
0.296,0.7003
-0.3612,-0.9437
-0.4404,-0.9726
0.4215,0.9784
0.4215,0.9877
-0.1779,-0.5253
0.6288,0.9403
0.5267,-0.4091
0.3818,0.6705
0.128,0.9768
0.5859,-0.974
0.0,0.8807
0.3818,0.8558
0.5106,0.9946
-0.0258,0.8455
-0.2263,0.0
0.6369,0.7096
-0.4767,-0.9919
0.0,0.8625
-0.5574,-0.9863
-0.3506,-0.6252
-0.4576,-0.9859
0.0,-0.9819
-0.8225,-0.7717
0.0,-0.9194
0.2023,0.2895
0.8294,-0.8777
0.7506,0.9468
-0.4019,0.3158
0.1779,-0.5851
0.0,0.6908
0.5719,-0.9748
0.1406,0.9422
-0.128,-0.4588
-0.0772,0.4678
0.6808,0.9274
0.0,0.9497
0.7964,0.9946
0.3182,0.5508
-0.5994,0.0258
-0.1027,0.9902
0.3612,0.5267
0.0,-0.6597
-0.34,-0.3102
0.3612,0.9956
0.0,0.4902
0.0258,0.8969
-0.631,0.9691
0.4215,0.9877
0.6124,0.9971
-0.2732,-0.8056
0.34,-0.886
0.5046,-0.9849
-0.1531,0.1027
0.4939,-0.8219
0.5574,0.551
0.0,-0.9951
-0.1877,0.9852
-0.0418,0.711
-0.3182,0.9537
-0.7184,0.9272
-0.7906,0.8274
-0.4588,0.8586
-0.4215,-0.6697
-0.4215,-0.6697
0.0,0.9621
0.34,0.4215
-0.6249,0.8537
-0.8225,-0.9194
0.7506,0.8744
0.0,-0.1027
0.2732,0.1531
0.128,0.3919
0.0,0.9674
-0.4019,0.9671
0.5994,0.5423
-0.0516,0.932
-0.2732,-0.9651
-0.34,-0.3102
-0.2732,0.2273
-0.4019,0.296
-0.34,0.7466
-0.34,0.9726
0.0,0.9925
0.5423,0.8591
-0.4019,0.6908
0.0,0.9674
-0.2732,0.0167
0.5574,0.0
-0.1027,0.6486
0.4019,0.3626
0.6124,0.9758
-0.0516,0.9217
0.8316,0.9899
0.5574,0.9764
-0.2263,-0.2263
0.2732,0.0
-0.25,0.9738
-0.25,0.8074
0.34,0.9682
0.34,0.9762
0.0,0.9906
0.7783,0.1779
0.872,-0.4256
-0.1531,0.8122
0.0,0.5346
-0.4767,-0.9806
-0.3612,0.8305
0.0,0.9826
0.7227,0.708
0.0,-0.8316
-0.5023,-0.9362
-0.2732,-0.7783
0.5859,0.9184
0.3502,-0.7906
0.7096,0.8979
-0.0258,-0.6369
-0.3818,-0.6369
-0.8176,0.972
-0.886,0.6486
0.785,0.1566
-0.51,-0.3818
-0.128,0.8977
-0.5106,0.6801
0.4939,0.9406
0.0,0.6908
0.7184,0.9559
0.0,0.9524
-0.4767,0.54
0.4767,0.9741
0.0,0.4215
0.2732,-0.5994
-0.1027,0.4019
0.2263,0.9643
0.5859,0.0
0.6908,0.9862
0.0,0.9931
0.5859,0.9533
0.6369,0.9
0.4497,-0.9534
0.3291,0.9382
0.3818,0.0
-0.128,0.5759
-0.3612,0.8319
0.0,0.3291
0.2263,0.9947
0.1779,-0.5853
0.3612,-0.128
0.5423,0.9538
0.0772,-0.25
-0.7003,0.9889
-0.683,-0.9746
0.3291,0.993
0.7456,0.859
0.872,-0.4256
-0.0258,-0.9072
-0.4767,0.704
0.0,-0.5428
0.3182,-0.2751
-0.2732,0.9085
0.7535,-0.967
-0.3919,0.6249
-0.8176,0.972
0.0,0.5106
0.0,0.4466
0.4939,0.9877
0.6124,0.4019
0.2732,0.7506
0.5859,0.9908
0.0,0.0
-0.1169,0.7222
-0.1169,0.9949
-0.5106,0.7575
0.1779,0.9311
-0.2023,0.8689
0.3818,0.7964
-0.296,-0.3612
0.0,0.9822
0.2263,0.9643
-0.7178,-0.363
-0.7178,0.7262
0.0,-0.8314
0.7269,0.91
0.8074,0.8176
-0.8442,-0.9517
-0.3612,0.6915
-0.7184,-0.9828
-0.1779,0.4547
0.4588,0.9814
0.7269,0.9845
-0.886,0.9794
-0.4019,0.1779
0.4404,0.9867
0.3818,-0.0772
0.4588,0.9542
-0.5719,0.4404
0.7783,0.0258
0.4939,-0.8373
0.7845,0.9164
0.8481,-0.4404
-0.4588,0.9786
0.7845,-0.1722
0.1531,0.6103
0.7845,-0.1722
0.4019,0.9851
-0.4404,0.9314
0.0,0.5719
-0.2484,0.9946
0.7096,0.9956
0.296,-0.1531
0.6369,0.6486
0.0,-0.7003
0.0772,0.9826
-0.4215,0.9938
-0.3182,-0.4588
-0.4215,0.8779
0.6597,0.1761
0.5267,-0.957
-0.7902,0.7351
0.7184,-0.7807
-0.4588,0.6743
0.7906,-0.7391
0.0,0.7806
-0.5859,-0.6997
0.8519,0.9692
-0.2263,0.3022
0.1779,0.9468
0.0,0.7845
-0.2732,0.705
-0.2732,0.4767
0.2263,0.4939
0.6124,0.0
0.0,0.9932
-0.6249,-0.7269
0.296,0.3818
-0.3612,0.4588
0.0,-0.3612
0.5719,0.9521
0.0,0.0258
0.8126,0.9118
-0.0516,0.955
-0.0516,0.9867
-0.8934,0.9562
0.0516,-0.862
-0.4033,-0.8694
-0.4033,-0.9109
0.0,0.9766
0.1779,0.9955
-0.1531,0.9707
0.6597,0.9904
0.0,0.296
0.3818,0.8504
-0.802,0.2577
0.4215,0.802
-0.0,0.9735
0.6597,0.9895
0.1531,0.6103
0.5859,0.7843
0.5106,0.7269
0.128,-0.6656
-0.765,-0.8885
0.1779,0.9468
-0.3818,0.9289
-0.6901,-0.9337
-0.6597,0.34
-0.6597,0.7992
-0.0772,-0.0258
0.2023,0.9631
0.5859,0.296
0.6705,0.9944
0.1531,0.9516
0.5859,0.9598
0.0,0.9239
0.0,0.9941
0.0,-0.4576
0.2263,0.6249
-0.5106,0.6908
0.7184,0.977
-0.3182,0.2859
0.5423,-0.6749
0.0,0.9287
0.296,0.0
0.6808,-0.9764
0.3182,0.9717
-0.25,0.9827
0.5719,0.8047
0.0,0.9874
-0.2732,0.0881
-0.4588,0.932
0.0,0.5574
-0.4019,-0.9423
0.2732,-0.7579
0.5106,0.9774
0.5719,0.9521
-0.4767,0.5859
-0.2732,0.128
-0.3612,0.9805
0.7845,0.8555
0.2263,-0.916
-0.5574,-0.9914
0.8591,0.743
0.8834,0.9978
0.431,0.9598
-0.8316,-0.6852
-0.4033,-0.9109
-0.1531,0.9707
-0.5106,0.9366
-0.7003,-0.9684
0.5994,0.9607
0.25,-0.4053
0.7906,0.854
0.3818,-0.1181
0.6801,0.9325
0.0,-0.9062
0.0,-0.6705
0.4404,0.9702
0.8126,0.9985
0.1027,0.957
0.5859,0.9002
0.0,0.4939
0.0,-0.6548
0.5267,0.9371
-0.7178,-0.984
0.0,-0.8377
0.4019,0.891
-0.25,0.7359
-0.4767,-0.4767
0.34,-0.2716
0.2732,0.9403
0.0,-0.1779
0.2732,0.9582
0.6486,-0.2135
0.7269,0.2023
0.0,-0.0633
0.4215,-0.5423
-0.9387,-0.891
0.128,0.9694
0.0,0.7579
-0.0516,-0.2732
-0.128,0.2732
-0.7184,0.228
0.0,0.7351
0.0,0.25
0.296,0.4939
0.4588,0.9674
-0.1027,-0.9062
0.4404,0.8934
-0.3612,0.976
-0.2924,0.8126
-0.2023,0.1027
-0.0164,0.6597
-0.0,-0.9116
-0.1001,0.9433
-0.4215,-0.9919
0.2732,0.9929
0.4767,0.7717
0.0,0.296
0.0,0.9896
0.3182,0.5267
0.7003,-0.0772
-0.2263,0.2732
-0.4215,0.9485
-0.296,0.6124
0.3612,0.961
0.7783,0.6538
0.0,0.7506
-0.6369,-0.0258
-0.3612,0.6681
0.0,-0.0258
0.1779,0.9823
0.2023,-0.6712
-0.5423,0.6538
-0.4019,-0.7783
0.1779,0.2652
-0.8271,-0.2774
0.4588,0.936
0.0,0.7102
0.7047,0.987
0.2263,0.8957
0.2263,0.0
0.4939,0.7351
0.1531,0.8126
0.0,0.9505
0.0258,-0.845
0.3879,0.6705
0.4215,-0.4215
0.0,0.3182
-0.4019,-0.9747
0.3818,-0.4005
0.0,0.6908
-0.1027,-0.9062
-0.3086,0.2989
-0.2263,0.9734
0.2732,0.9582
0.4019,0.7287
0.6486,0.9911
0.0,0.9914
0.0772,-0.9615
0.296,0.3697
0.34,0.296
0.25,-0.1027
0.0,0.7845
0.0,0.8771
0.4939,0.291
0.3182,0.4939
-0.2732,0.8481
0.7269,0.8247
0.6486,0.9576
-0.3612,0.6249
-0.25,-0.9837
0.4522,0.9702
0.4215,-0.9442
0.0,0.9568
0.2263,0.9472
0.4215,0.4767
0.0,0.743
-0.4588,-0.8248
-0.6908,-0.8957
0.128,0.9442
-0.5106,0.3612
-0.5267,-0.9578
-0.3612,-0.9718
0.5574,-0.5906
0.0,0.8689
0.0,0.9674
0.7096,0.8542
-0.4019,0.7964
0.8316,0.9795
0.8779,0.4417
0.3612,0.9943
0.4588,0.9628
0.0258,0.9516
0.2732,0.991
-0.296,-0.9927
0.4588,0.7717
0.0,0.9524
0.0,0.9501
0.7003,0.986
-0.5423,-0.9739
-0.7845,0.9146
0.4404,0.886
0.34,0.9817
0.34,0.9794
0.3182,0.7845
0.5106,0.9839
-0.3818,0.9663
0.0,0.5423
0.6808,0.8225
-0.81,0.2665
0.4019,0.3384
0.8481,0.9022
0.5261,-0.8811
-0.2023,0.0
-0.4019,0.8778
-0.3612,0.6249
-0.5719,0.9267
0.0,-0.4012
0.3818,0.9804
0.0258,0.2724
0.6007,-0.6956
0.1531,0.9661
-0.296,0.9433
0.4767,-0.1779
0.7817,0.9964
-0.5574,0.4588
-0.1531,0.5994
-0.6597,0.9729
-0.7152,0.5927
0.0,0.9864
0.0,0.8689
0.0,0.6361
0.3612,0.9704
-0.25,0.4145
0.0,0.9493
0.0,0.899
0.0,0.9942
0.4019,0.7964
-0.128,0.9965
0.4215,0.6908
0.4754,0.9378
-0.1027,0.1027
-0.3612,0.9161
0.0516,0.7995
0.0,0.9759
0.4588,0.9628
0.4588,0.9628
0.6249,0.9035
-0.296,0.9261
-0.1796,0.9632
0.5574,-0.0258
0.2732,0.9856
0.128,-0.9318
-0.5975,0.8862
0.4588,-0.6267
0.1935,-0.3921
-0.6705,0.7761
0.0,0.9871
-0.0258,0.4939
-0.6597,-0.7571
-0.3321,0.9742
0.0609,-0.3353
0.886,0.5267
0.6597,0.6486
0.886,0.9992
0.0,0.7003
0.296,-0.0511
-0.296,-0.3818
0.5574,0.9764
-0.4019,0.7845
0.4019,0.765
-0.6701,0.9678
0.8689,0.8791
0.4588,-0.9337
0.1779,0.7431
0.6249,0.7351
0.0,0.1154
0.1779,0.8934
0.1531,0.9866
-0.5994,-0.9169
-0.128,0.9744
-0.936,-0.9895
0.3818,0.7543
0.4404,0.9793
0.1779,-0.9276
0.0,-0.4215
0.7003,0.9907
0.7845,0.9944
0.0,0.9925
-0.4939,-0.2255
-0.5574,0.8516
0.0,-0.4588
0.1027,0.7903
0.0,0.3716
0.3818,-0.7717
0.4939,-0.0945
0.3818,-0.419
0.0,0.0
0.0,0.9786
0.3612,0.9704
0.296,0.4019
0.8519,0.9844
0.4588,0.357
-0.3818,0.1154
0.8496,0.9815
0.3182,-0.9231
0.4588,0.9951
-0.8591,-0.9601
-0.765,-0.2023
0.6369,0.9952
0.3612,-0.4547
-0.5267,-0.9596
0.7003,0.9771
-0.4019,0.9337
-0.2732,0.9544
0.5423,-0.5226
-0.7096,0.672
-0.6808,-0.9216
0.34,0.8271
0.0,0.4027
-0.6124,-0.7906
0.0,0.0
-0.6705,0.4497
0.4404,-0.0516
0.296,-0.8147
0.0,-0.6187
0.0754,0.8074
-0.7346,0.9665
0.25,0.4767
-0.7684,-0.8217
0.7184,0.9891
0.8979,0.9945
0.0,0.5994
0.4215,-0.9161
0.5574,0.6808
0.128,0.9917
0.0,0.9928
0.1779,0.9781
0.1027,0.7903
0.2732,0.093
0.4767,0.7506
0.2023,0.8056
0.5729,0.9696
-0.4215,0.1725
0.4215,-0.8435
-0.2263,0.9832
0.0,-0.5719
0.4215,0.25
0.2732,0.6358
0.4404,0.796
0.1779,-0.2732
0.5574,0.6183
0.1027,0.9848
0.743,0.9882
0.6784,0.9604
0.5106,0.9568
0.5106,0.9403
0.4767,0.9935
0.25,0.9912
0.0,-0.3612
0.743,0.9388
-0.1027,0.9604
0.9371,0.0
0.1779,-0.0258
0.5994,0.967
0.0516,-0.8182
0.0,-0.0772
-0.8625,0.5051
0.296,-0.6369
0.5423,0.5859
-0.6808,-0.9216
0.4939,0.9022
-0.1027,0.9915
0.0,-0.886
0.0,0.9136
0.0,0.9264
0.4215,0.1531
-0.4019,-0.8172
0.6187,0.91
-0.2263,0.8939
0.6124,0.9758
0.765,0.5316
0.5423,0.7351
-0.1531,0.9967
0.4019,0.6808
0.6124,0.3818
0.5423,0.984
0.4767,0.3612
0.6908,0.9926
0.4767,0.9709
0.0,0.8886
0.4215,-0.8243
0.2263,-0.3833
0.7906,0.9803
0.2617,0.9908
0.7269,0.9638
0.7506,0.9595
-0.6597,0.6501
0.4019,0.2732
-0.34,-0.939
0.128,0.8979
-0.2263,-0.7783
0.0772,-0.5574
0.1779,0.9698
0.0,0.9688
0.0,0.2323
0.3818,0.3182
0.0,-0.5267
-0.25,-0.7432
-0.3182,0.7845
0.3818,0.9937
0.1027,0.7912
0.296,0.85
0.6249,0.8402
-0.8625,0.5051
-0.8271,0.955
-0.6249,0.9576
0.0,0.8271
0.4404,0.5267
-0.8126,-0.8934
0.2023,0.6705
-0.3182,-0.0516
0.5106,0.9797
0.2732,0.6358
0.0516,0.0
0.0,0.2263
0.2617,0.9908
-0.5267,-0.8271
0.7351,0.4588
-0.2263,-0.7783
0.1531,0.9801
0.0,0.9462
0.0,-0.8735
0.0516,0.9716
0.7579,0.9499
0.4215,0.3182
0.0,0.9462
0.4215,-0.5574
0.2617,0.9908
0.0,-0.765
-0.1779,0.8674
0.6997,0.7906
-0.1779,0.2563
0.6369,0.6124
0.34,0.4118
0.0,0.8316
-0.2732,0.0129
0.5574,0.9565
0.0258,0.8126
0.4019,0.9912
0.7506,0.2483
0.7003,0.9645
-0.8126,-0.9914
0.2732,0.9982
0.7783,0.9081
0.0,0.9239
0.0,0.9442
0.0,0.9955
-0.2263,-0.9679
0.6486,0.9819
0.1779,0.9655
0.743,0.9847
0.6997,0.7906
-0.8126,-0.9153
0.7845,0.34
0.0,0.9477
-0.6369,0.6176
0.0,0.9917
0.4019,0.9474
0.0,0.9287
0.0,0.0
0.2732,0.128
-0.5267,0.7506
0.7184,0.7845
0.0,0.7845
0.2263,-0.5707
0.0,0.1464
0.0772,0.9761
-0.25,-0.9826
-0.7184,-0.1531
-0.2023,0.0516
-0.2023,0.9212
0.8316,0.9801
0.0,0.6597
0.5719,0.0258
-0.3824,0.7003
0.7783,0.6597
0.0018,0.5719
0.2263,-0.5781
-0.34,0.9875
-0.09,-0.719
0.0,0.9387
0.7845,0.963
0.4939,0.5723
0.4767,0.9493
0.5106,0.9939
0.5106,0.9961
-0.0258,0.9935
-0.1779,0.9901
-0.1779,0.9916
0.2144,0.9396
0.0276,0.99
0.6428,0.9859
-0.7783,0.6808
-0.296,-0.6705
0.1531,0.9681
-0.9169,-0.8629
0.0,0.3333
0.0,-0.5719
0.4019,0.9752
0.6369,0.989
0.25,0.6486
-0.4767,0.0268
-0.3182,0.9884
0.6369,0.9984
-0.5859,0.8625
0.891,0.9729
0.128,-0.8674
-0.4404,0.7566
0.2732,0.9904
-0.3662,-0.5255
-0.3612,-0.8717
0.7783,0.9509
-0.296,-0.8689
-0.3182,0.2263
0.0,0.6124
0.0,0.9614
0.1779,0.2732
0.0,0.4215
0.1531,0.34
0.5867,0.6249
-0.8074,-0.7666
-0.3612,0.4588
0.6705,0.8211
-0.7184,-0.9053
-0.5267,-0.9789
-0.7003,-0.9137
-0.6808,0.0772
0.0,0.6735
-0.4404,-0.6458
0.6997,0.9897
0.1531,0.5586
0.802,0.9953
0.296,0.969
-0.5106,0.9712
0.3612,0.9729
0.5859,0.969
0.5859,0.969
0.1027,0.9246
-0.3182,0.6815
0.0,0.5423
-0.6124,0.8932
0.4019,0.9869
0.2732,0.9929
0.6124,0.765
0.4404,0.9835
0.128,0.6808
-0.3818,0.9201
-0.3818,0.9841
-0.7351,0.6842
-0.4215,-0.765
0.0,0.8595
-0.4939,-0.9458
-0.0516,0.5859
-0.34,0.9816
0.6124,0.7595
-0.4019,-0.4276
-0.4215,0.9062
0.128,-0.9525
0.8271,0.9337
0.2263,0.9514
0.2732,0.1027
-0.5106,0.9559
0.0516,0.8557
-0.25,0.2944
0.5233,-0.5932
-0.4019,-0.4588
-0.5267,-0.9408
0.5423,0.7717
-0.296,-0.25
0.7269,0.7407
0.0772,0.4486
-0.0258,0.9821
-0.7783,-0.93
-0.8166,-0.7381
0.6124,0.9217
0.6808,0.9898
0.6705,0.9274
0.5106,0.9095
0.0,0.0
0.6705,0.9422
-0.5106,-0.4588
0.2893,-0.6136
-0.34,-0.296
-0.5859,0.7964
-0.8094,-0.7962
0.4449,0.0772
0.6486,0.8363
0.2023,-0.4391
0.0,-0.25
-0.6124,-0.9698
-0.3182,-0.4939
-0.2732,0.7081
0.5574,0.7582
-0.1027,0.9975
0.4767,0.9682
0.128,0.0258
-0.0772,-0.883
0.3182,-0.8914
-0.6808,-0.8126
0.0,0.9413
-0.4215,0.8689
0.0,0.742
0.2732,0.9217
0.3818,0.9596
0.2732,-0.4767
0.6124,0.5994
0.6249,0.8271
0.5106,0.9914
-0.1027,0.6812
-0.5393,0.9748
-0.3182,-0.0176
-0.128,0.7269
0.0,0.6808
0.4019,0.802
0.6119,-0.9823
-0.25,0.2944
0.3818,0.2263
-0.4767,0.9736
0.5859,0.872
-0.3818,0.9976
-0.1027,0.9927
-0.3818,0.9976
-0.5859,0.3437
0.1779,-0.483
0.1779,-0.4201
0.2732,0.0
0.8442,0.9886
-0.2732,0.25
-0.4939,0.296
0.0,0.9914
0.0129,-0.3818
-0.1779,0.4481
0.1149,-0.4251
0.0,-0.6843
0.6369,0.6065
-0.4588,-0.8622
-0.2732,-0.629
0.2263,-0.9615
-0.3182,-0.2975
0.296,0.6244
0.2584,0.9863
0.6059,-0.8946
-0.4215,0.9432
0.6486,0.9848
0.0,0.9745
0.0,0.847
0.6124,0.9866
-0.3182,-0.7867
0.0772,0.8781
-0.5994,0.9911
-0.128,-0.7707
0.3818,0.1796
0.4404,0.9693
-0.1027,0.1699
-0.7184,-0.9496
0.0258,-0.8687
-0.21,0.9687
-0.8074,-0.8555
-0.4019,0.7024
0.5994,0.9819
0.3182,-0.8985
0.296,0.9552
0.296,0.4927
-0.0644,-0.6597
-0.5423,-0.9484
0.296,0.9152
0.7096,0.968
0.296,0.9821
0.3818,0.9773
0.4678,0.9904
0.128,0.988
0.0498,-0.9864
0.7351,0.9734
0.0,0.9745
-0.3818,-0.9789
0.4767,0.9897
0.0772,0.8781
-0.0772,0.9217
-0.1779,0.9954
-0.4019,0.6808
0.4939,-0.91
-0.6705,-0.9838
-0.3182,-0.9743
-0.3182,-0.381
0.5106,0.9246
-0.1779,0.9756
0.0,-0.9555
-0.4939,-0.9292
-0.3612,0.9638
0.765,0.5859
0.7579,0.4118
0.4588,0.9342
0.4588,0.7845
0.0516,0.9684
-0.8176,-0.7968
-0.8176,-0.7968
-0.2263,-0.4767
-0.7845,0.9925
-0.8481,-0.9264
-0.5423,-0.9484
0.296,0.9849
0.296,0.9152
0.0,-0.6756
0.3291,0.989
0.3182,-0.3182
0.5267,0.9545
0.8402,0.8555
0.8126,0.996
0.7717,0.9618
-0.4939,0.9878
0.5994,-0.4588
-0.128,0.3881
0.296,0.8834
-0.7269,-0.639
0.3612,0.9501
0.4767,0.0
0.2006,-0.0208
-0.2263,0.9604
-0.4019,-0.6705
-0.3566,0.9543
0.5789,0.9166
0.34,0.9843
0.1027,-0.9497
-0.4215,-0.8733
0.0,0.9955
0.0258,0.765
0.0,0.0
-0.9136,0.8268
0.2732,-0.6418
-0.0516,0.9899
0.4215,0.9836
0.5859,-0.7869
0.2382,0.9715
0.4939,0.8496
-0.4188,-0.9269
-0.2617,0.883
-0.296,0.7906
0.0,0.802
0.0,0.7096
0.1531,0.9645
-0.7096,0.9716
-0.3818,0.6069
0.7096,0.9609
0.5023,0.981
-0.6124,-0.7972
0.4019,0.9874
0.1901,0.9944
0.5574,0.8592
0.6808,0.6705
-0.4588,0.2019
-0.743,-0.2144
0.0,0.8151
0.4939,0.6249
-0.3818,0.426
0.765,0.9177
0.7096,0.9849
0.3818,0.836
0.1531,0.8658
0.7096,0.9849
0.4588,-0.9347
0.5423,0.894
-0.631,-0.0516
-0.7269,-0.875
0.3182,-0.9848
0.3818,0.7837
0.5574,-0.6705
0.4215,0.7391
0.296,0.9423
0.8074,0.9971
0.6808,0.4767
0.7003,0.9967
-0.2263,-0.4019
0.8221,0.9411
0.1027,0.0516
0.1027,0.701
0.296,-0.6705
0.0,0.8885
-0.34,0.9692
0.6258,0.836
-0.6705,-0.8085
-0.4767,0.8205
0.2732,0.2023
0.0,0.2263
0.4215,0.7785
0.1531,0.4215
0.6249,0.9287
0.296,0.5113
-0.5267,0.4215
-0.6124,-0.6131
0.0,0.7715
0.3626,-0.4576
0.7783,0.9552
0.34,-0.2617
-0.6705,0.4215
0.0,-0.4576
0.3612,0.9564
-0.886,-0.9395
0.0,0.4019
-0.6124,-0.5203
0.2235,0.0
0.1027,0.6486
0.1531,0.9694
0.5994,0.5574
0.0,0.0258
0.4019,0.0
0.2144,0.9974
0.5251,0.9979
-0.5267,-0.9153
-0.5332,-0.4974
0.7096,0.9849
0.6808,-0.6908
0.3182,-0.9848
0.6369,0.9815
0.6666,-0.2798
0.3182,0.9884
-0.0258,0.9355
0.4404,0.8591
-0.3182,0.9001
-0.4215,0.8872
-0.3612,0.7351
0.2023,0.9571
0.7003,0.9967
0.4588,0.9686
-0.34,0.8591
-0.34,0.7713
0.4588,0.9872
0.3818,0.8644
0.1779,0.9287
-0.0516,-0.9541
0.4019,0.7759
0.296,0.9836
-0.0258,0.9886
0.7003,0.5984
-0.34,0.9692
0.3182,0.9441
0.3832,0.783
-0.8519,-0.9965
-0.0258,-0.9432
0.2023,0.9552
0.0,0.8567
-0.6369,0.9713
0.0,0.9267
0.743,0.8294
0.8271,0.9949
-0.6369,0.993
0.7096,0.1241
0.296,0.9217
0.0258,-0.8658
0.6369,0.296
0.7506,0.9509
0.0,-0.0276
-0.0258,-0.8519
0.0,0.0516
0.0516,0.9606
-0.8555,-0.9746
-0.25,0.0516
0.5423,0.866
-0.7906,-0.9569
0.0258,-0.7017
0.0,0.9531
-0.5267,0.8483
-0.8519,-0.9763
0.0,-0.6013
-0.0,-0.705
-0.1779,0.9033
0.0,0.7783
0.3182,0.7906
-0.7579,0.991
-0.34,0.6369
-0.34,-0.4404
0.0516,0.3818
-0.1027,-0.875
0.0,-0.2263
-0.4005,0.6478
0.7506,0.9907
0.2263,0.4961
-0.1406,-0.9278
0.0772,0.9935
-0.0258,-0.944
-0.2523,0.5408
0.3612,0.7818
-0.2732,0.2033
0.2732,0.9834
0.3182,0.4767
0.0516,0.0
-0.25,-0.871
0.0,0.0
0.3612,-0.3612
0.1779,0.0
0.0,0.9916
0.0258,0.816
-0.3182,0.9596
-0.2732,-0.4773
-0.4215,0.9909
0.6369,0.9978
-0.2732,0.9183
0.0516,0.9606
-0.7351,0.9896
-0.8481,0.9841
-0.7461,-0.8815
-0.5423,0.9957
-0.5719,0.9854
0.5423,0.8357
0.1531,0.8519
-0.128,0.9885
-0.8555,-0.9746
0.3182,0.875
0.3182,0.875
0.4019,0.0
0.4019,-0.5267
0.705,0.9881
0.0,0.9869
0.0,0.296
0.0,0.0
0.6705,0.7906
0.8824,0.9446
-0.2732,-0.8074
-0.6124,-0.9815
-0.6124,-0.9815
-0.5267,0.8483
-0.8834,-0.9222
0.5423,0.8442
0.1027,0.9851
-0.2732,0.9688
0.875,0.6908
-0.2732,-0.9352
0.8122,0.9942
-0.25,-0.4497
-0.5423,0.9761
0.6057,0.9947
0.1027,0.9946
0.4804,0.3324
0.5994,0.9961
0.0,0.9142
-0.4019,0.9414
0.6486,0.5719
-0.296,0.9929
-0.0258,-0.943
-0.357,0.6608
-0.2023,0.7502
0.2263,0.3818
0.4767,0.996
0.4215,0.5423
0.1027,-0.9722
-0.818,-0.9935
0.5994,0.8196
0.0,0.1027
0.0,0.1027
0.128,-0.0
-0.0516,0.4086
-0.34,-0.9801
0.5106,0.7717
0.4939,0.9927
-0.3818,-0.6244
-0.1779,0.892
0.0,0.9902
0.1779,0.0
0.0129,0.994
0.5859,0.9922
0.0,0.7867
0.4019,0.0972
0.1027,0.946
-0.25,-0.0516
0.3612,0.7906
-0.8481,0.9841
-0.5423,0.9957
0.8847,0.9953
0.6808,0.975
-0.5719,0.4767
-0.4404,0.5249
0.5859,0.8772
0.2612,0.9591
0.886,0.991
0.6494,0.9933
-0.4588,0.1032
-0.1027,0.9837
0.7783,0.296
-0.25,0.8102
-0.5423,0.9761
0.6486,0.9928
0.0,0.5719
0.0258,0.987
0.0,-0.8151
0.0,0.989
0.5423,0.9964
-0.4019,0.5994
-0.296,0.9962
-0.2732,0.9403
0.0085,0.7489
-0.296,0.9929
-0.4215,-0.9557
-0.7351,-0.9861
-0.3818,0.9876
-0.5574,-0.3182
0.1901,0.9923
0.2263,0.9942
0.5187,0.9907
-0.0516,0.743
0.0,0.9739
0.4767,0.9485
0.0,-0.8338
0.3612,0.9055
-0.7346,0.6314
0.5859,0.9922
0.8126,0.5367
0.5267,-0.2951
0.5267,0.9738
0.875,0.7807
-0.296,0.9962
0.4767,0.9877
0.4019,0.296
0.2612,0.9591
0.2612,0.9591
0.3612,0.9803
-0.7152,-0.7778
0.0,-0.8338
0.0,-0.8338
0.6124,0.9959
0.0,0.4588
0.6908,0.1027
0.6486,0.6946
0.2023,0.863
-0.5267,0.9318
0.1027,0.9872
0.34,0.9913
0.5106,0.9001
-0.34,0.631
-0.4678,0.9923
0.128,0.796
0.34,0.9616
-0.6486,0.8523
0.6267,0.9393
0.2263,0.7677
-0.0258,-0.9403
0.34,0.5423
0.6124,0.8591
-0.2023,-0.9771
0.5187,0.5537
0.0258,0.9755
-0.1027,-0.8647
-0.6249,-0.8807
-0.4019,-0.9694
0.5574,0.9781
0.0772,0.7959
0.4939,0.9585
0.5106,0.3254
-0.0258,0.8779
0.5423,0.9841
-0.1415,-0.514
0.296,0.6652
0.0,0.1655
0.5267,0.9964
-0.1513,0.6983
0.3818,0.6597
0.0,0.9969
-0.5423,-0.4939
0.2263,0.9467
-0.0516,0.9895
0.8402,0.5302
0.6369,0.8402
-0.34,0.9941
-0.8555,-0.8974
0.0,-0.7085
0.0,-0.25
0.0,0.9893
0.5423,0.8247
0.8689,0.891
0.5574,0.9916
0.6486,0.9915
0.4939,0.945
-0.4767,-0.8523
0.2023,0.6249
0.4588,0.9949
0.5106,0.8316
-0.8268,-0.9929
-0.6808,-0.8462
0.4106,0.961
0.7096,-0.9832
-0.6486,0.8339
0.3182,0.9345
-0.2617,0.9904
-0.1531,0.9933
-0.5574,-0.8557
0.0,-0.9402
0.2023,0.9964
0.0,0.8481
-0.3818,0.88
-0.2023,-0.9652
0.4215,0.9598
-0.2732,0.6949
-0.4767,0.876
0.0,0.3612
0.3818,0.0844
-0.3263,0.4025
-0.0258,-0.3612
0.1354,-0.8536
0.4215,-0.9293
0.6597,0.9972
0.0,-0.5106
0.0,-0.1531
0.7574,0.9919
0.1027,0.1663
0.8176,0.9965
0.5859,0.7906
0.0516,0.9885
0.0,0.9948
0.296,-0.5574
0.1779,0.9796
0.6908,0.7755
0.0258,0.6705
-0.5994,-0.9966
0.7351,0.9477
0.0,0.0
0.296,0.9524
0.0,-0.3182
0.6369,0.9952
-0.5423,-0.4939
0.2023,0.2023
-0.1027,-0.8705
-0.2023,0.945
-0.5267,-0.4215
0.296,-0.3818
-0.2732,-0.7281
0.1803,-0.7269
-0.2732,-0.891
0.0772,-0.5423
0.4588,0.9943
0.0,0.2263
0.34,-0.9246
0.8176,0.959
0.0,0.91
0.7506,0.9571
0.0258,0.9765
-0.128,-0.8869
0.0498,0.128
-0.128,0.25
0.743,-0.8569
0.2755,0.9888
0.0,0.9756
0.3818,0.3818
0.4215,0.6514
-0.7845,-0.9282
-0.4215,0.4135
0.1354,-0.8536
0.0,0.9553
0.2382,-0.753
0.3818,-0.1263
0.0,0.8074
-0.5574,0.9411
0.128,0.7311
-0.2263,0.8779
0.0,0.0
-0.296,0.7845
-0.6124,0.7178
0.4364,-0.4628
0.8186,0.9431
-0.3197,-0.7828
0.1779,0.2283
-0.0258,0.8912
-0.6908,-0.25
-0.2732,0.5423
-0.2732,0.0543
0.4703,0.4588
0.0,-0.0258
0.7096,0.9898
0.4404,0.9456
-0.5574,-0.7166
-0.7579,0.9945
0.2144,0.9794
0.0,0.9161
-0.7579,0.9408
-0.8779,0.9082
-0.7814,-0.9472
0.0,-0.6542
0.4767,0.9598
0.296,0.7987
-0.6705,0.4603
-0.5423,0.9965
0.3182,-0.1531
-0.5106,-0.7184
0.8779,0.9652
0.6908,0.9903
0.7845,-0.8074
-0.2144,0.9806
-0.5859,0.8555
0.4215,-0.9846
-0.2263,0.0
0.2263,-0.4003
0.0,0.5859
-0.3182,0.8957
0.8503,0.6124
-0.7213,0.9742
-0.4019,-0.891
0.0,0.9718
0.7579,0.8885
-0.1054,0.9633
0.7184,0.9484
0.024,-0.8126
0.4019,0.975
0.2732,0.4767
-0.7096,0.0
0.0,0.7181
0.25,0.3191
-0.0258,-0.9403
0.5994,0.975
0.0,0.9785
0.0,-0.4588
0.5267,-0.9445
-0.7096,-0.9608
0.4215,0.9331
-0.296,0.8529
0.5023,0.9909
0.2023,0.726
-0.34,0.9793
0.5927,0.952
0.4588,0.9786
-0.5423,0.9756
0.2144,0.9794
0.2732,0.4939
0.4939,0.9655
0.0,0.9583
0.6858,0.0763
0.128,0.4946
-0.296,0.9934
-0.5994,0.3964
-0.296,0.7003
-0.8516,-0.8625
0.5267,0.9773
-0.25,-0.8591
0.0,0.2263
-0.3182,-0.6854
0.6369,-0.98
0.7906,0.9932
0.7906,0.9791
0.0129,0.9945
-0.4108,0.9299
0.4215,0.9776
0.0258,-0.9595
-0.7322,-0.9803
-0.7717,0.8363
0.4767,0.9246
-0.2728,0.9747
0.7184,0.611
0.0,0.0
-0.2023,-0.9805
0.0,0.9011
0.128,0.9231
-0.3182,0.4464
-0.0516,0.9432
0.7717,0.9442
0.0258,0.85
-0.4588,0.4019
-0.6249,-0.128
0.2732,0.8271
-0.1027,0.9004
0.5267,0.0
0.6705,0.296
0.6597,-0.6837
0.2263,0.0
0.0516,0.8689
0.1531,0.3716
-0.5574,0.7178
0.7506,0.7672
-0.4919,-0.0711
0.5859,0.2263
0.0,-0.2491
0.6705,0.9186
0.2263,0.2263
-0.5267,0.0
0.6808,0.2263
0.0,0.0
0.0,0.1779
0.3182,0.9966
0.4404,0.4404
-0.4767,-0.9095
0.5859,-0.6119
0.4588,0.9764
0.6463,0.3599
-0.3612,-0.8225
0.2023,0.7178
0.7506,0.7672
-0.4919,-0.0711
-0.09,-0.9564
-0.6486,0.6259
-0.2263,-0.9244
0.0,0.8689
-0.6858,-0.9042
0.0,-0.4939
0.2023,0.7125
0.2732,0.2263
0.4019,0.9936
0.7906,0.4139
0.4939,0.296
0.4754,0.9574
-0.5719,-0.9889
0.4404,0.9657
0.25,0.8807
0.7964,0.9442
0.5859,0.9552
-0.1531,0.9333
0.6369,-0.9652
-0.8271,-0.9638
0.5719,-0.91
0.4939,-0.3182
-0.8357,-0.4278
-0.4404,0.9947
0.0,0.8402
-0.7964,-0.8651
0.0258,0.8134
0.8555,0.9932
-0.2732,0.7506
-0.1154,0.4767
-0.4939,0.8101
0.4767,0.9826
0.4215,0.987
0.0,0.8986
0.0557,-0.4019
0.0,0.8316
-0.6705,0.8806
-0.128,0.9826
0.2263,0.7677
0.6808,0.0
0.7089,0.0
-0.1531,-0.9207
0.2732,0.296
0.4215,0.8979
0.0,0.1779
0.4588,0.8004
-0.0772,0.7783
-0.4215,-0.6705
0.8442,0.9773
0.128,0.0713
0.6597,-0.8545
0.4404,0.8552
-0.5574,0.4773
0.431,0.7993
0.128,0.9325
0.4754,0.9417
0.0,0.4767
0.7351,0.9704
0.2732,0.296
0.7096,0.6411
0.1531,0.5574
0.0,0.0
0.5413,0.9905
0.0,0.5106
0.3818,0.9603
-0.9042,0.5859
0.0,0.7845
-0.3612,0.6486
-0.7845,0.8043
-0.8074,-0.9792
0.5267,0.8281
0.8074,0.8402
0.8236,0.9382
0.0772,0.8818
-0.3818,-0.9324
-0.7906,-0.7917
-0.3612,-0.543
0.0,-0.6433
0.7003,0.9844
0.5423,0.9837
-0.3818,0.9831
0.0,0.913
-0.0772,-0.6249
0.6369,0.9925
0.144,-0.9168
0.7812,0.7003
0.6705,0.4019
-0.4767,-0.3182
0.1779,0.6428
-0.4019,0.9861
0.4215,0.9774
0.6124,0.9859
0.4588,0.9169
0.296,0.743
0.5106,0.9716
0.4588,0.9964
0.4854,0.9917
0.4404,0.8225
0.4939,0.9001
-0.4767,0.2481
0.296,0.8807
0.753,0.9935
0.0,0.1531
0.0,0.4939
0.5106,0.9802
-0.3612,-0.4215
-0.0258,0.9922
0.128,0.9838
-0.3612,0.8987
0.5859,0.9809
-0.7003,0.9523
0.8555,0.9876
-0.743,0.8718
-0.4854,0.9196
-0.1779,0.1531
0.4404,0.7003
0.1531,0.296
0.7096,0.9753
0.0,0.0258
0.0,0.6705
0.2263,0.8686
0.4404,0.9266
0.25,0.9666
-0.3182,0.5106
-0.2732,-0.0722
-0.6249,0.4767
0.5859,0.0268
0.6249,0.9716
-0.0516,-0.9594
0.0,0.8979
-0.1655,-0.5859
-0.2732,0.4588
0.6757,0.9843
0.0,0.1718
0.5574,0.9972
0.0387,0.8919
0.4404,0.959
0.4019,0.9524
0.0772,0.9757
0.0,0.5267
0.3182,0.0258
-0.296,0.9666
0.8357,0.9865
-0.25,0.6369
0.6249,0.9571
0.4215,0.5267
0.6249,0.9905
-0.296,0.2732
0.8316,-0.09
0.2023,0.128
0.3182,0.7096
0.7964,-0.4588
0.3182,0.3612
-0.0772,0.9938
0.0,-0.3422
-0.7906,-0.8834
0.34,0.8957
-0.0772,-0.8109
0.6705,0.8638
0.4754,0.9612
-0.4588,0.5719
-0.296,0.8809
0.6908,0.9545
0.0,0.7668
-0.6249,0.8957
-0.4404,-0.0052
-0.3612,0.9838
-0.1531,0.296
-0.6566,0.977
0.0,0.8176
0.6369,0.9568
0.0,0.765
-0.8194,0.9862
0.6808,0.9687
-0.9127,0.3663
0.0,0.9769
0.6249,0.9715
0.0,0.9926
0.5423,0.9084
0.91,0.9419
-0.9169,-0.8646
0.7282,0.765
0.0334,-0.6757
0.4019,0.8426
-0.1027,0.5927
0.0,0.5859
0.5267,0.9619
0.3919,0.7506
-0.743,-0.8694
0.4404,0.9895
0.5267,0.9831
-0.3612,0.9951
0.4404,0.9411
0.0516,0.9856
0.4019,0.9957
0.0,0.9241
0.875,0.7807
0.6705,0.4019
0.0258,0.9601
0.0,0.8907
0.4168,0.7044
-0.128,0.9844
0.7525,0.9901
0.6808,0.6908
-0.7003,-0.899
-0.872,-0.7351
0.7184,0.9825
-0.6705,0.978
0.5267,0.4497
-0.5719,-0.9663
0.4019,-0.5165
-0.5719,-0.8797
-0.6249,-0.9432
0.4215,0.9864
-0.0772,0.9462
0.0258,-0.7181
0.8225,0.9705
0.3182,0.9861
-0.4019,-0.8559
0.7003,0.8645
0.0,0.9632
-0.5106,0.9743
0.0,0.9042
0.0,0.8313
0.0258,0.9601
-0.25,0.9837
-0.0772,0.9462
0.0258,-0.7181
0.1406,0.3818
0.7151,0.4315
-0.6124,-0.4767
0.8807,0.9457
0.7783,0.9758
-0.5499,-0.5291
0.3818,-0.9795
-0.6124,0.4019
0.5994,0.9973
0.0,0.128
0.4215,0.6908
0.5859,0.8126
-0.4404,-0.2611
0.4404,0.4686
0.4404,-0.6478
-0.5106,0.0258
0.0258,0.9601
-0.6486,0.7966
0.0,0.9769
0.5106,0.2023
0.5574,0.9861
0.0,-0.2492
0.0,-0.882
-0.8555,-0.5267
0.25,0.8577
0.34,0.9927
-0.2732,0.8658
0.6597,0.93
-0.8402,-0.9864
-0.2732,0.2507
0.0,-0.4019
-0.9201,0.9908
0.5267,0.9908
-0.296,0.9942
0.6124,0.8981
0.3182,0.9902
0.8442,0.9201
0.5267,0.959
0.1779,0.3182
0.5267,0.5267
-0.0516,0.0
0.7269,0.765
-0.1779,-0.2023
0.6249,-0.2654
-0.7769,-0.8396
0.0,-0.9694
0.5859,-0.6858
-0.3612,0.8934
0.2263,-0.9462
0.7351,0.9911
0.4228,0.6956
-0.296,-0.2173
0.1027,0.9822
-0.8074,-0.1449
-0.7003,-0.9772
-0.4215,0.4802
0.0,0.9769
-0.6597,-0.8957
-0.1779,-0.539
0.0258,0.2091
-0.4404,0.9578
-0.2144,0.9851
0.7717,0.9891
0.0,0.7906
-0.4404,-0.8091
0.3612,0.802
0.4588,0.9959
0.3612,0.97
-0.25,0.8844
0.0258,0.8847
-0.0772,0.9161
-0.34,-0.836
0.2732,0.9686
-0.9209,-0.9274
0.6808,0.9595
-0.5574,0.7755
0.1935,0.9958
0.296,0.4841
0.0,0.9523
0.0772,0.8393
0.4019,0.8957
0.0,0.802
0.1779,0.9865
-0.4215,0.8735
0.0516,-0.6705
-0.0516,0.0258
0.0258,-0.793
-0.7184,-0.7302
-0.0,0.1331
-0.7184,-0.899
-0.7845,0.9915
0.1027,0.0
-0.1779,0.957
-0.3182,-0.4588
-0.8176,-0.9893
0.4404,0.9761
0.7351,0.9911
0.0,0.8957
-0.5574,-0.3107
-0.7184,-0.6055
-0.872,0.2023
-0.5106,-0.6462
-0.0772,0.8848
0.2825,-0.5943
0.0,0.7579
0.0,-0.4019
-0.128,-0.8658
0.1027,-0.5187
-0.3182,0.5647
0.4404,0.0516
0.4215,0.8506
0.2023,-0.9781
0.4215,0.5423
0.4939,0.9823
0.5994,0.0772
0.8925,0.9954
0.628,-0.2807
-0.7096,-0.9725
0.5739,-0.2846
0.0258,-0.9743
-0.6486,-0.5913
-0.7003,-0.2573
-0.128,-0.2263
0.4404,0.6369
-0.4588,-0.9042
0.1027,-0.1027
0.5106,0.9081
0.2023,0.5859
-0.4588,0.9844
0.4588,-0.9003
0.128,-0.0835
-0.5719,-0.9963
-0.6369,-0.5719
0.34,-0.9246
0.0,-0.93
-0.4215,0.0
0.5017,0.785
-0.7783,-0.9739
0.2023,-0.9859
-0.4939,0.9819
-0.25,-0.5574
0.6956,0.9952
-0.2732,0.3612
-0.5647,0.9958
-0.4526,-0.8176
-0.624,0.9817
0.7479,0.9978
0.0,0.1531
-0.3089,0.8515
-0.1548,0.9336
0.7506,0.9638
0.34,-0.9231
0.8225,-0.9353
-0.0258,0.9862
0.8658,0.9855
0.0,0.7543
0.253,-0.858
0.9153,0.2649
0.0,0.9539
0.0772,0.929
0.4215,0.9451
0.4767,0.9892
0.128,0.9787
0.5023,-0.34
0.0,0.7983
0.7269,0.9571
0.0,0.9537
0.4019,-0.9628
0.4019,0.9863
0.0,-0.3612
-0.4526,0.5815
-0.6249,0.8778
0.7506,0.9638
0.0,0.9682
0.5709,0.9685
0.6249,0.9936
-0.2516,0.9756
-0.4019,0.8858
-0.128,-0.9042
0.4019,0.9451
-0.296,0.3034
-0.5994,0.7269
0.0,0.9382
0.7506,0.9815
0.7269,0.93
0.2585,0.4926
0.802,0.9558
0.5106,-0.3299
0.7184,0.9901
0.296,0.9951
0.0,0.9859
-0.2263,0.9807
-0.9136,0.5916
-0.2732,-0.9423
-0.4939,0.9469
-0.7096,-0.6369
-0.0258,-0.9829
0.0,0.9497
-0.7351,0.4598
0.0,0.9628
-0.6597,-0.9731
0.0,0.25
0.6249,0.9925
-0.7096,0.5809
0.3903,0.9897
0.9062,0.988
0.7964,-0.274
0.0,0.9182
-0.2263,0.9886
-0.4404,0.9968
0.7351,0.9872
-0.0,0.9613
0.4854,0.999
-0.802,0.34
-0.296,-0.743
-0.8126,-0.976
0.7124,0.9136
-0.4404,0.8402
0.0,0.9628
-0.6597,-0.9731
0.8225,0.978
-0.471,0.9856
-0.1406,-0.5784
-0.6249,0.7335
-0.7096,0.9886
0.5994,-0.9638
-0.3612,-0.9136
0.0,0.8519
0.0,0.5106
0.4588,0.4404
-0.1154,0.8889
0.5994,0.9716
0.0258,-0.8484
0.3182,0.8271
0.6705,0.8754
0.0258,-0.3612
0.0,-0.6808
0.0,0.9217
0.296,-0.0485
0.0,0.8271
0.4019,-0.3985
0.34,-0.9728
0.2023,-0.9677
-0.2263,0.8225
0.7003,0.9863
0.8807,0.9927
-0.4588,-0.8598
0.0,-0.9313
-0.5859,-0.6428
0.6808,0.9072
0.7269,0.8176
-0.6875,0.8451
0.872,0.8528
0.6908,0.9545
0.6908,0.9919
0.7096,0.9929
-0.3732,-0.9439
0.296,0.9664
0.2023,0.8221
-0.3597,-0.5005
0.3818,0.9275
0.3182,0.9839
0.1779,-0.9744
0.7783,0.9496
0.6808,0.9209
0.6908,0.9749
0.5106,0.9901
0.0,0.9913
0.296,0.4588
0.296,0.9892
0.0,0.0
-0.2732,0.296
-0.4767,0.8402
0.8658,0.9842
0.5719,0.9944
0.0,0.0883
0.4215,0.8751
0.7783,0.9496
-0.2828,-0.9902
-0.2263,0.2144
0.4404,0.4215
0.4404,0.6597
-0.2732,0.9932
0.5106,0.25
0.2732,-0.016
0.0,-0.5838
0.872,0.969
0.4215,0.9961
-0.5423,0.6579
0.0,0.5536
0.4019,0.9784
0.7783,0.9476
0.0,0.6779
0.296,0.0
0.6705,0.9884
-0.25,-0.9513
-0.128,0.9289
0.6249,0.9952
0.0,0.8008
0.5574,0.9694
0.2382,0.9948
-0.0772,0.5267
0.5994,0.9837
0.0,0.9477
-0.25,0.9829
0.8316,0.93
0.4019,-0.9439
-0.4215,0.9928
-0.2023,0.7989
0.4767,0.9042
0.7351,0.9807
0.5267,-0.8375
0.0,0.9177
0.8402,0.9716
0.8658,0.9952
0.34,-0.1236
0.7964,0.9983
0.3182,0.9709
-0.5423,0.6579
0.2023,0.4397
0.6486,0.8926
-0.2732,-0.765
0.128,0.9745
0.5127,0.9831
-0.0754,0.6523
-0.8225,-0.9363
-0.3612,-0.3818
-0.5859,0.866
-0.2263,0.9703
0.1779,0.9042
-0.3182,-0.7778
0.0,-0.1531
0.3041,0.9473
0.7269,0.8225
-0.7351,-0.9705
0.7096,0.8979
0.6059,0.9945
0.7717,0.9562
0.0516,-0.9559
0.743,0.9929
0.7184,0.983
-0.765,0.7291
-0.5267,-0.9828
-0.4767,-0.4767
-0.7269,-0.9898
0.0,0.0396
0.0,-0.6488
0.4019,0.9899
0.0,0.9771
0.6249,0.428
0.4215,-0.1531
0.0,0.6369
0.3182,0.5106
-0.1531,0.9945
0.5789,0.9707
0.8316,0.9964
0.0258,-0.9734
0.4767,-0.0314
0.8779,0.6808
0.8934,0.8442
0.6705,0.9699
-0.4005,-0.4404
-0.5267,-0.7777
-0.8271,-0.8441
0.1779,0.5994
0.7269,0.9913
0.1901,0.5079
0.0,0.2969
-0.5574,0.9799
0.0,0.8776
0.6369,0.9938
0.5413,0.7153
0.5809,0.9947
-0.5859,-0.9955
0.7003,-0.9729
-0.4019,-0.2263
0.5267,0.9692
-0.0199,0.9541
-0.7783,-0.9519
-0.7783,-0.9519
0.0772,0.4404
0.0772,0.5439
0.1531,0.9733
0.5106,0.9652
-0.7579,-0.9881
0.4404,0.9869
0.0,0.8779
0.7845,0.9965
0.0,-0.8992
-0.296,-0.8794
-0.5839,0.2514
0.09,0.9738
0.0,0.8225
0.2023,0.9895
0.6124,0.9936
0.5106,0.9081
-0.4497,0.3291
-0.1531,0.9945
-0.4215,0.9538
0.4939,0.9732
0.7096,0.995
-0.3182,-0.8481
-0.128,0.959
-0.5267,0.9239
0.4215,0.3818
0.7096,0.8934
0.4215,0.9741
0.3612,0.4909
0.8126,0.7964
0.5267,-0.2951
-0.4588,-0.9923
0.3818,-0.8343
0.1779,0.994
0.5859,0.9935
0.296,0.6388
-0.34,0.9874
-0.5994,-0.9841
-0.5423,-0.9336
0.0,0.1779
0.2263,-0.889
0.6124,0.9808
0.8807,0.7506
0.0258,0.7346
-0.2023,-0.0516
0.5558,0.9784
0.5719,0.9958
-0.4144,-0.9712
-0.5719,-0.3182
-0.3818,-0.8793
-0.6486,0.2263
0.5994,0.296
0.0,0.2732
0.1027,0.9978
0.7783,0.9475
0.2732,0.6249
0.34,-0.9246
0.8126,0.9946
0.875,0.9967
0.0,-0.5859
0.0,-0.9666
-0.4033,0.9693
-0.0258,-0.2144
0.3818,0.9694
-0.1779,-0.833
0.5106,0.2732
0.128,0.9682
0.0,0.8807
0.1531,0.9285
0.5574,0.9888
0.7096,-0.7783
0.5106,0.9509
-0.5267,0.9628
0.8126,0.9118
0.8225,0.9349
-0.1655,0.9841
-0.6705,0.9161
0.296,0.5574
0.0516,0.9216
-0.5267,-0.6597
0.0516,-0.9181
-0.4588,-0.9923
0.8271,0.1697
0.2732,0.9811
-0.0258,-0.2951
0.8225,0.9933
0.0,0.8165
0.0,-0.9682
-0.4497,0.8625
-0.1655,0.9841
-0.4215,0.3182
-0.296,0.8847
-0.6808,0.9731
0.0,0.98
0.0,0.98
0.0258,0.3818
0.0,0.6908
0.0,0.891
-0.5994,-0.9648
-0.25,-0.991
0.8777,-0.9793
0.0,-0.0772
0.0,0.34
0.128,0.1779
0.0,0.9705
0.0772,0.0516
0.5719,0.1601
0.128,-0.25
0.7906,0.7003
-0.2263,0.3665
-0.296,0.8847
0.2023,0.975
-0.4767,-0.5994
0.3612,0.8503
-0.5719,-0.9517
0.7003,0.9747
0.7269,0.9379
0.0,0.9783
-0.0258,-0.6131
-0.1779,0.9472
0.8126,0.9234
0.6908,0.978
0.0,0.7178
0.7351,0.9694
-0.3071,-0.9779
-0.0258,0.9466
0.6808,0.9774
-0.2023,-0.9895
-0.7351,-0.93
0.5574,0.9771
0.2382,0.9958
0.0,0.9874
0.7269,0.9884
0.5256,0.9899
0.2732,0.4215
0.7906,0.9325
0.0258,0.98
0.0,0.0827
0.0,0.6808
0.0,0.9887
-0.128,0.0
0.0,0.9534
-0.3818,0.9945
0.2732,0.9553
0.0,0.9851
-0.4019,-0.2238
0.0,-0.7081
-0.2263,0.9839
0.3649,-0.9778
-0.5423,0.9281
0.0,-0.9287
0.0258,0.5256
0.4939,0.8781
0.0,-0.0516
-0.5719,0.9857
-0.7717,0.5574
0.0,0.3182
0.7579,0.9128
0.3182,0.9842
0.1779,0.9989
-0.6908,0.8647
0.8402,0.8271
-0.0772,0.4404
0.0,0.948
0.4404,0.9813
0.7096,0.8676
-0.8689,0.9218
-0.5719,-0.296
0.0,0.8991
-0.6597,-0.9531
0.0258,0.6124
0.6597,-0.9916
-0.6705,-0.9333
0.6486,0.9939
0.1406,0.9763
-0.5859,-0.1114
-0.1027,-0.842
-0.2263,-0.7691
-0.6808,-0.5423
-0.6705,-0.936
0.7184,0.9832
-0.0387,0.9705
0.2732,0.6124
0.4215,0.9042
-0.128,0.9907
0.8225,0.4404
0.4215,-0.2806
0.4404,0.9413
0.3818,0.9153
0.296,0.9621
0.8481,0.946
0.7346,0.9874
0.8126,0.9808
-0.25,-0.8074
0.3716,0.9911
0.0772,0.7906
0.0,0.9826
0.0258,-0.8555
0.4588,0.872
0.5267,-0.9411
0.0,0.9957
0.4215,0.9419
0.128,-0.1482
-0.4588,0.9336
0.6808,0.9552
0.6808,0.2023
-0.2732,0.9512
0.1779,0.7495
0.4404,0.7506
-0.4678,0.9001
-0.3291,0.9273
0.0,-0.9943
-0.5574,-0.9092
0.8271,0.9972
0.8126,0.959
0.4939,0.662
-0.5483,0.9614
0.2111,0.9744
0.2023,0.9571
0.3612,0.9934
0.8481,0.9114
0.6486,0.9429
0.4215,0.9042
-0.128,0.9907
-0.128,0.9907
0.6705,0.9927
0.2732,0.9888
0.802,0.6486
0.0,-0.7506
-0.25,-0.9685
-0.2382,0.9486
0.0516,0.6908
0.8591,0.9768
0.4939,0.9559
0.5106,0.9954
0.0,-0.9062
0.4215,0.9032
-0.6808,0.9062
-0.1531,0.9137
