,title_class,body_class
0,-0.2247,0.9609
1,0.0,0.0
2,-0.0018,0.9955
3,-0.7845,-0.9769
4,-0.34,0.9845
5,0.5574,0.9504
6,-0.4497,0.6524
7,0.5709,-0.6712
8,0.8641,0.9895
9,0.4019,0.9901
10,0.5994,0.9663
11,-0.5106,0.7099
12,-0.5574,-0.5574
13,0.0,0.9432
14,0.6369,0.9856
15,0.25,0.34
16,-0.8316,0.9777
17,-0.3182,-0.1531
18,0.7506,0.9939
19,0.765,0.9771
20,0.4939,0.9943
21,-0.2263,0.9839
22,-0.25,0.9884
23,0.0,0.9412
24,0.296,0.0
25,0.0,0.9931
26,0.9509,0.9983
27,0.3612,0.9933
28,0.8481,0.9756
29,0.5423,0.997
30,0.6705,0.5859
31,-0.128,0.9602
32,-0.8151,0.9727
33,0.128,0.9161
34,0.2263,0.8858
35,-0.7003,0.6887
36,0.7351,0.5267
37,-0.34,0.7003
38,0.3612,0.8779
39,0.2023,0.9981
40,0.0,0.9928
41,-0.4215,0.4215
42,-0.0644,-0.5584
43,-0.1513,0.9802
44,0.2732,0.9194
45,0.836,0.9738
46,0.7906,0.9628
47,0.5106,0.9898
48,0.4939,0.9943
49,-0.296,0.0
50,0.0,0.8167
51,0.5423,0.9918
52,-0.5423,-0.9701
53,0.4767,0.9914
54,0.1531,0.9839
55,0.8979,0.9831
56,0.6369,0.9792
57,-0.7003,0.8076
58,0.6705,0.0
59,-0.296,0.0516
60,-0.4333,0.966
61,-0.128,0.9602
62,-0.2732,-0.5994
63,0.3262,0.9801
64,0.4215,0.9867
65,-0.793,-0.9125
66,0.34,0.5719
67,0.7553,0.3818
68,0.6908,0.2732
69,0.4767,0.656
70,0.4404,0.9652
71,0.7351,0.9765
72,-0.3182,-0.1406
73,-0.5719,-0.4939
74,0.3182,0.9705
75,0.0772,-0.7641
76,0.1027,0.9612
77,0.0,0.8832
78,0.7964,0.9916
79,-0.2617,0.9834
80,0.6901,0.9341
81,0.0,0.9814
82,0.0258,0.3182
83,0.5574,0.9613
84,0.0258,0.9826
85,-0.4767,-0.93
86,0.4215,0.9801
87,0.296,0.9866
88,0.0,0.9852
89,0.0,0.9501
90,0.296,0.9821
91,0.4939,0.4019
92,0.4404,0.9839
93,0.0,0.4946
94,-0.2732,0.8228
95,0.8519,0.9969
96,-0.34,0.6826
97,0.6705,0.8316
98,0.4019,0.9417
99,0.4019,0.9417
100,0.7479,0.9972
101,-0.128,-0.2153
102,0.5927,0.3221
103,0.0516,-0.5267
104,-0.2023,0.6956
105,0.4767,0.9884
106,-0.2263,0.1779
107,-0.5574,-0.5719
108,0.5106,0.9612
109,0.0772,0.9482
110,0.3612,0.4386
111,0.5267,0.9869
112,-0.0258,-0.9762
113,0.5719,0.9001
114,0.2732,-0.34
115,-0.2732,0.9684
116,-0.3612,0.8658
117,0.0,0.9932
118,0.0,-0.466
119,0.1027,0.9806
120,0.9178,-0.3612
121,0.0,0.8126
122,0.3818,-0.9922
123,0.8143,-0.986
124,0.0,0.9705
125,0.4019,0.892
126,0.1531,0.7495
127,0.0,0.9325
128,-0.2263,0.7553
129,0.4215,0.9794
130,0.7717,0.9985
131,-0.0516,0.8701
132,-0.2023,0.715
133,-0.4404,0.9934
134,0.4939,0.9456
135,0.5267,0.9173
136,0.25,-0.914
137,0.4215,0.969
138,-0.8008,0.8987
139,0.2732,0.4939
140,0.5106,0.1815
141,-0.521,-0.6808
142,-0.8271,0.9913
143,0.2023,0.8589
144,0.25,0.9906
145,0.1779,0.8519
146,0.3182,0.4019
147,0.0,0.8721
148,0.0,0.4153
149,-0.4525,-0.6898
150,0.7717,0.9985
151,0.25,-0.914
152,-0.1531,-0.9509
153,-0.5574,0.9968
154,0.6597,0.9928
155,0.5423,0.989
156,-0.3919,0.8738
157,0.0,0.8944
158,-0.5719,0.6105
159,0.2919,0.9927
160,-0.6486,-0.1326
161,0.7845,0.836
162,-0.2732,0.9694
163,0.128,0.9954
164,-0.7184,0.5416
165,0.6597,0.9893
166,0.4019,0.9912
167,0.3818,0.9712
168,0.0,0.4404
169,-0.0258,0.7066
170,0.4404,0.9933
171,-0.0129,0.993
172,0.3612,0.9038
173,0.0,0.0
174,0.1779,0.9877
175,0.296,0.1531
176,-0.5106,0.2144
177,-0.3182,-0.6681
178,0.8262,0.802
179,0.0,0.4939
180,0.4019,0.8004
181,0.4019,0.8004
182,0.128,0.9941
183,0.0,0.9693
184,0.25,-0.4601
185,-0.25,0.9519
186,0.0772,0.9954
187,0.3818,0.6808
188,-0.1901,0.8779
189,-0.2263,0.9796
190,0.0,0.6705
191,0.0,0.932
192,0.6597,0.9821
193,0.2732,0.9177
194,0.0772,0.0
195,0.431,0.9979
196,0.34,0.8522
197,0.128,0.9628
198,0.6124,0.9814
199,0.4588,0.9912
200,-0.1531,-0.3003
201,0.4854,0.9273
202,0.8402,0.804
203,-0.2732,-0.0387
204,-0.1406,-0.5346
205,-0.1531,0.9893
206,0.7579,0.997
207,0.2732,-0.0772
208,0.0,0.9652
209,-0.0258,0.2263
210,0.2263,0.7901
211,0.3612,-0.0127
212,-0.5267,0.9327
213,0.4939,-0.0258
214,-0.4588,-0.8658
215,0.5994,0.9886
216,0.4404,0.9368
217,0.4404,-0.5127
218,0.5574,-0.873
219,0.8225,0.5714
220,0.0,0.7583
221,0.5859,0.0
222,0.296,0.7269
223,0.4215,0.9688
224,-0.3612,0.6735
225,0.4939,0.974
226,0.5859,0.3818
227,-0.7271,0.9285
228,0.7964,0.978
229,0.8176,0.0469
230,-0.4404,-0.128
231,0.6808,-0.743
232,0.4767,0.9732
233,0.5118,0.9796
234,-0.024,0.9664
235,0.3182,0.9917
236,0.3818,0.996
237,-0.0258,0.8021
238,-0.2263,0.9781
239,-0.3724,-0.3206
240,0.0,0.9568
241,-0.4019,0.9916
242,0.0,0.9944
243,-0.1531,-0.3003
244,0.6597,0.9928
245,0.4019,-0.9545
246,0.5023,0.8658
247,0.2732,0.9951
248,0.802,0.9814
249,0.7003,0.9927
250,0.4019,0.296
251,0.296,0.9902
252,0.0,0.781
253,0.0,0.9568
254,0.0,0.802
255,0.5859,0.0
256,0.2023,-0.5666
257,0.1531,0.9451
258,0.0,0.8834
259,-0.1808,0.0485
260,0.3818,-0.3291
261,-0.1027,0.7564
262,0.296,0.9891
263,0.0772,0.8922
264,-0.5423,0.9032
265,-0.431,0.7964
266,0.6124,0.9825
267,0.4215,0.3235
268,0.2263,0.9001
269,0.6486,-0.0772
270,0.5719,-0.4957
271,-0.4215,0.9881
272,0.2732,0.5859
273,-0.34,0.95
274,0.4215,0.9061
275,0.8834,0.8176
276,-0.34,0.9619
277,0.4404,0.9828
278,0.0,0.9623
279,0.0,0.903
280,0.0258,0.9884
281,0.128,0.9829
282,0.5423,0.9943
283,0.5719,0.9788
284,0.2732,-0.5522
285,0.6486,0.9951
286,0.4588,0.93
287,0.0,0.6597
288,-0.3506,0.961
289,-0.3506,0.9871
290,0.296,0.9803
291,0.8271,0.9761
292,-0.5106,0.8602
293,-0.355,0.2732
294,-0.4535,0.9322
295,0.296,0.836
296,0.296,0.9738
297,-0.5413,0.9169
298,-0.25,0.9169
299,-0.0772,0.9755
300,0.4404,0.802
301,0.4019,0.802
302,0.5106,0.64
303,-0.0772,0.9819
304,0.0516,0.2682
305,-0.6369,-0.9824
306,-0.5994,0.8279
307,0.743,0.9186
308,0.4215,-0.982
309,-0.8625,-0.9029
310,0.0,0.0
311,0.4019,0.1108
312,0.4767,-0.0258
313,0.5267,0.1531
314,0.0,0.9875
315,0.4019,0.9041
316,0.0,0.9517
317,-0.5719,0.8858
318,-0.3818,0.8555
319,0.0,0.9946
320,0.4215,0.9528
321,0.296,0.9896
322,0.6369,0.9974
323,0.4215,0.34
324,-0.6369,-0.9951
325,0.0,0.9504
326,0.4939,0.9604
327,0.0,0.969
328,0.0,0.0
329,-0.5106,-0.34
330,-0.5719,0.9428
331,0.7184,0.9902
332,-0.3818,0.9231
333,0.4588,0.9684
334,0.0,0.6369
335,-0.296,-0.6817
336,0.0,-0.4404
337,0.0,0.2649
338,0.4588,0.0
339,0.0,0.397
340,0.0,-0.8506
341,-0.4588,-0.2023
342,0.3818,0.8555
343,0.4939,0.5719
344,-0.2732,-0.9385
345,0.2263,0.9933
346,0.0,0.8849
347,-0.4939,-0.1504
348,-0.0516,-0.7184
349,0.0,0.836
350,0.4588,0.8689
351,0.0,0.8399
352,-0.5994,0.9897
353,0.0,0.1779
354,0.0,0.0
355,0.7096,0.9934
356,0.0,0.9577
357,-0.4404,0.8101
358,-0.5106,-0.34
359,-0.7003,-0.9357
360,-0.1027,0.9823
361,0.7684,0.944
362,0.0,0.9313
363,0.0,0.2649
364,-0.2732,0.9871
365,-0.0258,-0.8997
366,0.0,0.5106
367,0.2263,0.9933
368,-0.4257,-0.2023
369,-0.7096,0.5423
370,0.0,0.0
371,0.0,0.9618
372,0.6369,-0.5489
373,-0.4939,-0.5106
374,-0.2023,-0.842
375,-0.296,-0.8427
376,0.128,-0.9773
377,0.0,0.9675
378,-0.7845,-0.9811
379,0.4215,0.9653
380,-0.4939,-0.5106
381,0.296,0.7814
382,-0.1181,0.7682
383,-0.3919,-0.1779
384,-0.4019,-0.8861
385,0.296,0.9957
386,0.3182,0.9757
387,0.4019,0.896
388,0.1027,0.9761
389,-0.1531,-0.5777
390,0.6901,0.9537
391,-0.296,-0.9674
392,0.5423,-0.9861
393,0.0,-0.3818
394,0.4588,-0.1406
395,-0.4854,0.9911
396,0.0772,-0.943
397,0.6486,0.7567
398,-0.2263,0.9674
399,-0.1779,-0.9571
400,-0.1531,0.9787
401,0.128,-0.9773
402,0.4588,-0.6249
403,0.5574,0.9509
404,-0.5859,0.9253
405,0.1779,0.8122
406,-0.0516,-0.9325
407,0.5574,0.9985
408,0.5267,0.9727
409,0.0,0.0
410,-0.2263,0.8022
411,-0.5574,0.9201
412,0.0772,0.5574
413,0.0258,0.9974
414,0.3612,0.5724
415,0.1779,-0.128
416,0.2263,0.6369
417,-0.2732,-0.9309
418,-0.8271,-0.9749
419,0.0,0.9991
420,0.4939,0.8444
421,-0.5994,0.9774
422,0.4215,0.8375
423,0.4522,0.775
424,-0.7783,-0.9966
425,-0.3597,-0.9356
426,-0.5423,-0.9627
427,-0.8519,-0.9493
428,-0.2732,0.9749
429,0.6808,0.9112
430,-0.9652,-0.9892
431,-0.0772,0.9709
432,0.1027,-0.5719
433,0.0,0.0772
434,0.1779,0.0644
435,-0.2732,-0.34
436,0.7964,-0.7861
437,0.0,0.9556
438,-0.296,-0.7717
439,0.0,-0.9834
440,0.1655,-0.5574
441,0.5719,0.0672
442,0.2732,0.9969
443,-0.296,0.8481
444,-0.6705,-0.85
445,-0.7184,0.2732
446,-0.4939,-0.9874
447,0.0,0.8779
448,0.7506,0.9818
449,0.0516,-0.9478
450,0.4215,0.9686
451,-0.8876,-0.982
452,-0.7964,-0.9668
453,0.1027,-0.9733
454,-0.8158,-0.9974
455,-0.128,-0.9862
456,-0.0258,0.3384
457,-0.1531,-0.9908
458,-0.9419,-0.9845
459,-0.1779,-0.9919
460,0.8957,0.9942
461,0.4939,0.9823
462,0.6705,-0.4934
463,0.5647,0.9776
464,0.7717,0.979
465,0.6369,0.0772
466,0.0772,0.5499
467,0.6486,0.9509
468,-0.2716,-0.8011
469,-0.296,-0.802
470,-0.6249,0.9704
471,-0.0516,-0.8717
472,-0.0516,-0.9596
473,0.1779,0.0644
474,-0.3083,0.1525
475,-0.6369,0.8442
476,0.4215,0.9127
477,0.3612,0.9604
478,0.0,0.9882
479,0.0,0.8271
480,-0.8807,0.2449
481,-0.8807,-0.9805
482,-0.3071,0.5719
483,0.128,0.7974
484,0.0,0.6797
485,0.765,0.7107
486,-0.3701,0.2732
487,0.3612,0.9908
488,-0.7184,-0.986
489,0.2732,0.9969
490,0.7351,-0.3182
491,0.7269,0.9906
492,0.8641,0.7909
493,0.296,-0.8934
494,0.9118,0.9918
495,-0.0258,-0.9974
496,-0.6124,-0.9209
497,-0.8176,-0.9936
498,0.1531,0.9607
499,0.25,0.8508
500,0.2732,0.9722
501,0.0,0.2732
502,0.296,0.5081
503,0.296,0.5081
504,-0.2732,0.9729
505,0.8225,0.9478
506,0.0,0.9859
507,0.2023,0.9674
508,-0.5574,0.7096
509,0.0,0.5733
510,0.4019,0.1581
511,-0.1531,-0.9524
512,0.6249,0.9899
513,-0.6124,-0.8586
514,-0.3612,-0.7899
515,0.2732,-0.8637
516,0.0,0.4588
517,0.4939,0.9729
518,-0.5423,-0.8957
519,0.4939,0.976
520,0.3612,0.9942
521,-0.6369,0.8442
522,0.4215,0.9127
523,0.7669,0.1027
524,0.25,-0.9841
525,0.0,0.8271
526,-0.8807,-0.9805
527,0.3182,-0.6705
528,-0.5927,0.9662
529,0.6486,0.5267
530,-0.3506,-0.985
531,0.0,0.9601
532,-0.6369,-0.8409
533,0.0,0.8315
534,-0.4404,0.25
535,-0.3818,-0.4315
536,0.34,0.6597
537,0.8074,0.9587
538,0.6124,-0.9825
539,0.7096,0.9885
540,-0.2585,-0.8591
541,-0.3632,-0.9792
542,-0.8176,-0.9936
543,0.6124,0.918
544,-0.2732,0.3818
545,0.8225,0.9728
546,0.9118,0.9918
547,0.0,0.9928
548,-0.34,-0.9127
549,-0.3818,0.296
550,0.2551,0.6808
551,0.6124,0.9734
552,0.6249,0.9899
553,0.0,0.946
554,0.4939,0.978
555,0.5325,0.8809
556,0.7717,0.8128
557,0.0,0.25
558,0.0,0.3612
559,0.4215,0.9664
560,-0.128,0.3612
561,0.296,-0.3304
562,0.1531,0.9526
563,0.3612,0.9952
564,0.3612,0.8483
565,-0.4215,0.0517
566,-0.8442,-0.9802
567,-0.2023,-0.9864
568,0.4939,-0.5719
569,-0.7783,-0.9966
570,0.296,0.9134
571,0.0,0.5994
572,-0.1027,-0.5232
573,0.4019,0.9349
574,0.0,0.6621
575,0.0258,0.9559
576,0.4767,0.296
577,-0.1406,0.9926
578,-0.128,0.9939
579,0.1779,0.4404
580,-0.0258,-0.9739
581,-0.4404,-0.789
582,0.0,-0.9197
583,0.0258,-0.9136
584,-0.7579,0.4946
585,-0.5267,-0.34
586,0.7096,0.9967
587,-0.4588,0.9419
588,-0.7906,-0.3502
589,0.5267,0.9762
590,0.0,0.9973
591,0.5106,0.7863
592,0.6249,-0.6935
593,0.6705,0.9169
594,0.2263,-0.7579
595,0.4019,0.9325
596,0.4019,0.9682
597,-0.6808,-0.9929
598,-0.0516,-0.8577
599,-0.5859,-0.9136
600,0.4404,-0.7984
601,-0.7449,-0.653
602,-0.4588,-0.9203
603,0.296,0.9134
604,-0.2263,-0.9331
605,-0.6249,-0.8684
606,-0.7096,-0.8201
607,0.0,-0.9836
608,-0.7579,0.4946
609,0.4019,0.9387
610,0.2023,-0.801
611,-0.2732,0.9841
612,-0.25,0.9872
613,0.4019,0.9682
614,-0.0516,0.9605
615,0.0,0.5267
616,0.0,0.5267
617,0.1531,0.9633
618,0.0,0.9809
619,-0.4588,0.7351
620,0.775,0.5106
621,-0.6369,0.9849
622,-0.7003,-0.9211
623,-0.4215,-0.9451
624,0.0,0.9943
625,0.5267,0.9044
626,0.8481,0.9796
627,-0.3818,-0.5145
628,-0.899,0.9844
629,-0.899,0.6565
630,-0.4767,-0.9349
631,0.0258,0.9962
632,0.6249,0.998
633,0.4767,0.9967
634,-0.1779,0.8519
635,0.5106,0.9803
636,-0.8126,-0.9878
637,0.3182,0.9437
638,0.0,0.9221
639,0.3182,0.991
640,-0.3612,-0.8024
641,-0.7096,0.9366
642,0.8347,-0.9418
643,0.0,-0.9563
644,0.0,-0.9549
645,0.0,-0.8735
646,-0.3612,-0.5298
647,-0.4215,-0.6249
648,-0.8979,-0.9607
649,0.5267,0.9044
650,-0.1027,0.9932
651,-0.0516,0.9545
652,-0.7783,0.0804
653,-0.2878,0.9613
654,0.3612,0.9513
655,0.1779,0.9891
656,0.4019,0.9657
657,-0.3089,-0.866
658,-0.3147,0.4939
659,-0.6705,-0.9887
660,0.6369,0.9325
661,0.0258,0.9962
662,-0.4588,0.7574
663,-0.7184,0.9933
664,0.296,0.8126
665,0.0,0.872
666,-0.296,0.9923
667,0.0,0.9979
668,-0.2023,0.3612
669,-0.8074,0.9766
670,-0.6908,-0.975
671,-0.8074,0.9022
672,-0.6597,-0.3034
673,0.3903,-0.9384
674,-0.7096,0.7227
675,0.25,0.9711
676,0.6908,0.9667
677,0.0,0.8689
678,-0.5423,-0.951
679,0.0,0.0516
680,0.0,-0.5994
681,-0.5719,0.9074
682,-0.2732,0.9948
683,0.765,-0.0105
684,0.2732,0.9849
685,-0.8979,-0.9193
686,0.0772,0.8129
687,0.5267,0.6486
688,-0.1027,0.8176
689,0.5423,0.5964
690,-0.3612,-0.5574
691,0.3612,0.9513
692,0.0,0.9816
693,-0.2732,0.9703
694,-0.6597,0.9771
695,-0.6597,0.9497
696,-0.4588,0.7704
697,-0.4588,0.7704
698,-0.5499,0.9869
699,0.1531,0.6223
700,-0.6705,-0.9887
701,-0.4215,0.7368
702,0.3818,0.222
703,0.128,0.906
704,0.0258,-0.6566
705,0.765,0.0516
706,-0.25,0.6669
707,0.0772,0.9592
708,0.7906,0.8686
709,0.7906,0.8686
710,0.25,-0.6573
711,-0.743,-0.9253
712,-0.4019,-0.8228
713,-0.7184,0.9933
714,-0.2263,0.0
715,0.6124,0.9736
716,-0.7096,0.9946
717,-0.7269,-0.8934
718,0.743,-0.894
719,-0.4215,-0.9191
720,-0.3182,-0.94
721,-0.7579,0.802
722,0.0516,0.8793
723,0.0129,0.2233
724,-0.6249,0.9568
725,-0.3919,0.9287
726,0.0,0.9001
727,0.128,0.6402
728,-0.1,0.984
729,-0.4767,0.966
730,0.3903,-0.9384
731,0.7506,0.9873
732,0.25,0.9711
733,0.4404,0.9922
734,0.6908,0.9667
735,0.3612,0.9711
736,0.3612,0.9885
737,0.0,0.9927
738,-0.5423,-0.951
739,-0.3291,0.9387
740,-0.0258,0.9954
741,0.0,-0.9186
742,0.0,-0.5994
743,-0.0258,-0.601
744,0.4767,-0.9508
745,0.4588,0.9942
746,0.6249,0.4719
747,0.5574,0.9973
748,-0.0516,0.9959
749,0.886,0.9746
750,0.0,0.7351
751,-0.8442,-0.5609
752,-0.5346,0.8074
753,-0.8402,0.9958
754,-0.1531,0.2617
755,0.6124,-0.8511
756,0.6124,-0.9023
757,-0.5719,-0.9959
758,0.2382,0.9802
759,-0.2732,0.9252
760,-0.2732,-0.974
761,0.4588,0.5734
762,-0.3818,-0.6956
763,-0.3818,-0.0772
764,-0.5267,-0.9204
765,0.128,0.906
766,-0.802,0.9375
767,-0.802,0.9375
768,0.4019,0.0839
769,-0.4215,0.5455
770,0.09,0.4404
771,0.2023,0.998
772,-0.7579,-0.6249
773,0.8074,0.9081
774,0.7845,0.2322
775,0.0,-0.9376
776,0.34,0.8624
777,0.0,-0.6124
778,0.4404,0.8413
779,0.0262,0.984
780,-0.4767,0.9657
781,-0.7063,0.7269
782,0.296,0.802
783,-0.6597,0.9814
784,-0.128,0.8953
785,-0.5106,0.8953
786,0.6428,0.3818
787,0.0,0.4297
788,-0.6249,0.9894
789,0.8746,-0.9885
790,-0.2263,-0.9276
791,-0.0516,0.5346
792,0.3182,0.9892
793,-0.6769,0.9932
794,0.4939,0.4588
795,0.3818,0.8294
796,-0.7351,-0.8813
797,-0.8176,-0.5635
798,-0.2732,-0.9643
799,-0.5859,-0.9935
800,-0.5346,0.8074
801,0.1531,-0.82
802,-0.1531,0.2617
803,-0.3182,0.9337
804,-0.2732,-0.1531
805,0.3626,-0.979
806,-0.128,-0.8408
807,0.0,0.824
808,0.34,0.5574
809,0.8658,0.9952
810,0.4215,-0.8918
811,0.3612,0.8083
812,0.0,-0.9633
813,-0.6486,0.9782
814,-0.101,-0.6436
815,-0.9118,-0.9959
816,0.7351,0.9875
817,0.0,0.9961
818,0.0,0.9848
819,-0.7906,0.167
820,0.128,0.5506
821,0.0,0.9655
822,-0.8625,0.8807
823,-0.128,0.9886
824,-0.2023,-0.847
825,-0.5719,0.1531
826,0.4588,0.9377
827,-0.296,-0.9229
828,0.5267,-0.8519
829,0.5267,0.3612
830,0.0,0.6369
831,0.2263,0.8798
832,-0.128,0.919
833,0.5267,0.9736
834,0.7501,0.965
835,0.4939,0.802
836,-0.1027,0.9792
837,0.0,0.9955
838,0.3182,0.9838
839,-0.5719,0.9581
840,0.2023,0.9791
841,0.2374,-0.971
842,-0.1027,0.4215
843,-0.7845,0.8555
844,-0.34,0.9714
845,-0.0772,0.9912
846,0.2023,-0.954
847,0.0258,0.1379
848,0.539,0.9764
849,0.8074,0.8208
850,-0.5106,0.9624
851,-0.296,0.8126
852,-0.296,-0.34
853,-0.4019,-0.9724
854,-0.296,0.999
855,0.1027,0.968
856,-0.2411,-0.9173
857,-0.2263,0.9978
858,0.1531,-0.6249
859,0.3182,0.6249
860,0.6115,0.9524
861,-0.5574,-0.802
862,0.1779,-0.128
863,0.1779,-0.128
864,0.4404,0.9959
865,-0.6486,0.9782
866,-0.128,0.3536
867,0.0,0.8519
868,0.0,0.6369
869,-0.128,0.9886
870,0.0,0.9963
871,-0.3182,0.9481
872,0.5267,-0.8519
873,-0.0772,0.9912
874,0.0,-0.9531
875,-0.2732,0.7096
876,-0.2023,-0.8427
877,0.2732,0.941
878,0.5994,0.6808
879,-0.8885,-0.8922
880,-0.7269,-0.9661
881,0.296,0.856
882,0.2732,0.9852
883,-0.7783,-0.9874
884,0.0,-0.6705
885,-0.4404,-0.9922
886,-0.5994,-0.6705
887,0.0,-0.9209
888,0.3818,0.9932
889,0.0,0.998
890,0.5719,0.4382
891,0.0,0.6808
892,0.128,0.9885
893,0.6597,0.992
894,-0.3818,-0.9758
895,0.765,0.8974
896,-0.2263,-0.1655
897,0.802,0.9874
898,0.5023,0.9969
899,-0.4404,0.9735
900,0.0,0.8934
901,0.2263,0.9815
902,0.6808,0.9858
903,-0.5574,0.9564
904,-0.5574,0.9283
905,0.1045,0.9701
906,-0.4215,0.9909
907,0.4404,0.2023
908,-0.128,0.9435
909,0.5859,-0.743
910,-0.8074,-0.9698
911,-0.3818,0.856
912,-0.8271,-0.433
913,-0.4404,-0.9856
914,-0.2732,0.7184
915,0.5346,0.998
916,0.6124,0.8945
917,0.4019,0.7517
918,0.2023,0.4416
919,-0.25,0.9976
920,-0.7506,0.8851
921,-0.5267,-0.8442
922,0.3612,0.992
923,-0.6908,-0.6187
924,0.3612,0.9158
925,0.2732,0.9517
926,-0.4019,-0.908
927,-0.6124,-0.9702
928,-0.4404,0.1734
929,-0.2144,0.956
930,-0.7003,-0.9594
931,-0.2732,-0.7311
932,0.6808,0.9174
933,0.0258,0.8266
934,0.5994,0.8963
935,0.7579,0.9186
936,0.2263,0.9914
937,-0.4404,-0.9749
938,-0.6369,0.8724
939,-0.5267,-0.9613
940,0.8735,0.9927
941,0.0,0.9975
942,-0.128,0.99
943,0.5267,0.6808
944,0.5859,0.3818
945,0.8519,0.9946
946,-0.3744,-0.6124
947,0.7184,0.9996
948,-0.3612,0.3818
949,0.1779,-0.6088
950,0.4019,0.984
951,-0.128,0.0802
952,0.4404,0.9898
953,0.5994,0.9875
954,-0.6705,0.7463
955,0.3818,0.9349
956,-0.3612,0.5927
957,0.0258,-0.8885
958,0.4588,0.9726
959,-0.6808,-0.9848
960,-0.3818,0.6955
961,-0.7506,-0.9906
962,0.2023,-0.4513
963,-0.4215,0.9765
964,0.34,0.9134
965,-0.4019,0.2537
966,0.0,0.9198
967,-0.5106,0.9857
968,0.0,-0.8861
969,-0.7814,0.7838
970,-0.7184,0.9621
971,0.4588,0.9652
972,-0.6249,-0.998
973,-0.2732,0.2846
974,0.4404,0.5283
975,0.3182,0.9467
976,0.5267,-0.9143
977,0.1027,-0.3184
978,-0.34,-0.2732
979,0.2263,0.847
980,0.0,0.9967
981,0.6124,0.7668
982,0.0,0.8074
983,-0.1027,-0.8765
984,0.4019,0.9665
985,0.6249,0.0274
986,0.2732,0.9972
987,-0.0644,-0.9894
988,-0.0644,-0.9894
989,-0.4588,-0.2105
990,-0.6249,0.9297
991,0.2732,0.5267
992,0.2263,-0.6601
993,-0.0258,0.7634
994,-0.3818,0.9099
995,-0.5106,0.8402
996,-0.4404,0.9547
997,0.5423,0.9791
998,0.7906,0.9944
999,0.2732,0.8674
1000,0.6705,-0.8481
1001,0.5106,0.9576
1002,0.6705,-0.4103
1003,0.7269,0.9836
1004,0.1531,0.0387
1005,-0.8271,-0.9595
1006,0.7351,0.8603
1007,-0.0772,-0.8875
1008,-0.2263,-0.8001
1009,0.6597,0.1358
1010,0.4215,0.6369
1011,-0.4019,0.7632
1012,0.0,-0.6083
1013,-0.5994,-0.9825
1014,0.0516,0.6757
1015,-0.0772,0.34
1016,0.0,0.0258
1017,0.0,0.0258
1018,-0.3544,-0.8846
1019,0.2023,-0.2658
1020,-0.8126,0.9922
1021,-0.2052,0.3818
1022,0.8316,0.9469
1023,-0.6597,-0.9887
1024,0.6486,0.9028
1025,0.0516,0.4939
1026,0.3919,0.5558
1027,-0.6705,-0.6849
1028,0.0,0.4071
1029,-0.3818,-0.7703
1030,-0.6124,-0.9685
1031,0.4019,0.8264
1032,-0.8151,0.9197
1033,0.34,0.7987
1034,0.4019,-0.8793
1035,0.4588,0.9688
1036,0.5574,-0.4142
1037,0.0,0.9953
1038,-0.128,0.8938
1039,-0.4767,0.8481
1040,0.6597,0.6385
1041,0.0,0.3612
1042,0.4939,0.7506
1043,-0.3182,-0.9887
1044,0.128,-0.8455
1045,0.4215,0.9985
1046,0.0,0.7638
1047,0.0,-0.958
1048,0.7003,0.9696
1049,0.7506,0.9902
1050,0.0,0.9936
1051,0.3612,0.992
1052,-0.5423,0.9655
1053,0.8176,0.9764
1054,0.1779,0.6908
1055,0.7003,0.9838
1056,0.8176,0.9661
1057,0.1779,0.9937
1058,0.7845,0.9974
1059,0.7003,0.8402
1060,-0.34,0.7003
1061,-0.765,-0.8746
1062,0.6249,-0.8074
1063,0.7713,0.9644
1064,0.0,0.4144
1065,-0.5574,-0.709
1066,0.2023,0.9291
1067,0.4767,-0.9144
1068,0.0,0.4144
1069,0.0,0.9885
1070,0.2023,0.9225
1071,0.296,0.9911
1072,-0.5574,-0.4843
1073,0.8481,0.96
1074,0.0276,-0.8864
1075,0.3818,-0.1486
1076,-0.0258,0.0892
1077,0.0,0.8914
1078,0.6124,-0.8241
1079,-0.1326,-0.7899
1080,0.0,0.9885
1081,0.2732,0.936
1082,0.296,0.9677
1083,0.296,0.7797
1084,0.3818,0.5627
1085,0.0,0.9439
1086,0.2023,-0.9926
1087,-0.8948,-0.9965
1088,-0.4939,-0.1082
1089,-0.4588,-0.9521
1090,0.3182,-0.9121
1091,0.3182,0.9226
1092,0.2023,-0.964
1093,0.3818,0.9482
1094,0.2732,0.1531
1095,0.6351,0.7105
1096,-0.204,0.9415
1097,-0.8555,0.5267
1098,-0.7783,0.5717
1099,0.3182,0.9229
1100,0.34,-0.9435
1101,0.0,-0.4019
1102,-0.7783,0.8332
1103,0.0,-0.4019
1104,0.5106,0.987
1105,0.4019,0.5859
1106,0.7184,0.8689
1107,0.0,0.7783
1108,-0.1027,-0.6729
1109,-0.8271,0.9875
1110,-0.8271,0.9875
1111,-0.6231,0.6187
1112,0.7906,0.9201
1113,-0.4215,0.9966
1114,-0.0258,0.6808
1115,0.4404,-0.1406
1116,-0.6597,0.9896
1117,0.0,0.6124
1118,0.1531,0.8884
1119,0.4215,0.9656
1120,0.6369,0.802
1121,0.6908,0.4767
1122,0.2263,-0.8945
1123,0.1531,-0.708
1124,-0.3182,-0.8059
1125,0.296,0.7717
1126,0.6234,0.9609
1127,0.128,-0.7459
1128,0.128,-0.7459
1129,0.2023,-0.8749
1130,-0.0516,0.9978
1131,0.3818,0.952
1132,-0.128,-0.9153
1133,-0.6249,0.8154
1134,0.2263,-0.5499
1135,-0.0516,0.9423
1136,0.0,0.9967
1137,-0.2023,0.9671
1138,-0.2023,0.9724
1139,0.296,0.4404
1140,0.7845,0.5034
1141,0.0,0.8689
1142,0.0,0.5267
1143,0.0,-0.7579
1144,-0.5574,0.865
1145,-0.2023,0.0
1146,-0.8847,0.915
1147,0.7906,0.9821
1148,-0.8176,-0.2238
1149,0.7484,0.9199
1150,-0.5994,0.9668
1151,-0.4588,0.7351
1152,-0.2023,0.872
1153,0.7506,0.0
1154,-0.5267,-0.7899
1155,-0.5267,-0.7899
1156,-0.8948,-0.9965
1157,-0.128,-0.8248
1158,0.2732,-0.9578
1159,-0.25,0.2263
1160,0.1779,0.6908
1161,-0.25,0.8218
1162,-0.25,0.9379
1163,-0.8555,-0.7237
1164,-0.5574,0.3839
1165,-0.128,0.9432
1166,-0.7783,0.5717
1167,-0.6369,0.5251
1168,0.0,0.8428
1169,0.0,0.8428
1170,0.0,0.0772
1171,0.4404,0.1139
1172,0.2023,-0.8149
1173,0.2023,-0.8149
1174,0.2732,-0.1735
1175,0.2732,-0.1735
1176,0.0,0.3612
1177,0.296,0.7628
1178,0.2732,0.966
1179,0.2732,0.926
1180,-0.2732,0.9914
1181,0.296,0.7003
1182,-0.0772,0.996
1183,0.0,0.0
1184,-0.0772,0.9957
1185,0.0,0.9941
1186,0.0,0.5106
1187,-0.6705,-0.9758
1188,0.2732,0.9992
1189,0.6808,0.8885
1190,-0.4215,0.8402
1191,-0.3804,0.6369
1192,0.0258,0.802
1193,-0.0258,-0.8807
1194,0.2263,-0.4939
1195,0.4404,0.9612
1196,0.0,0.6801
1197,0.7783,0.6573
1198,-0.2263,0.9294
1199,0.5267,0.0
1200,-0.3612,0.8999
1201,-0.4939,0.9775
1202,0.6808,0.9598
1203,0.6808,0.0516
1204,0.0,0.0356
1205,-0.6486,0.9413
1206,-0.5809,0.9168
1207,0.0,0.4585
1208,0.4404,0.7236
1209,-0.3612,0.9898
1210,-0.6597,-0.9337
1211,-0.4767,0.9731
1212,-0.7876,-0.0216
1213,0.0,-0.4268
1214,0.4215,-0.0387
1215,0.0,0.4501
1216,0.0,-0.8271
1217,0.0,0.9509
1218,0.2846,0.9906
1219,0.296,0.6124
1220,-0.6124,-0.9485
1221,0.7184,0.743
1222,-0.6249,0.4215
1223,-0.25,0.2263
1224,0.1779,0.6908
1225,0.0,-0.2846
1226,-0.25,0.8218
1227,-0.2263,0.9741
1228,0.5574,0.9878
1229,0.0,0.7773
1230,-0.2263,0.9935
1231,-0.6486,0.4939
1232,0.25,0.9868
1233,-0.6369,0.5251
1234,0.2023,0.9953
1235,-0.6705,-0.5025
1236,0.0,0.993
1237,0.0,0.993
1238,0.0,0.0772
1239,0.7351,0.9785
1240,0.1027,-0.8926
1241,0.7615,0.9988
1242,-0.128,-0.6661
1243,0.296,0.7628
1244,0.128,-0.8657
1245,0.2023,0.952
1246,0.2732,0.966
1247,-0.1027,0.0997
1248,0.0,-0.4019
1249,0.7034,0.9923
1250,-0.4208,0.9747
1251,0.296,0.7003
1252,0.1779,0.6444
1253,0.0258,0.9719
1254,0.2723,-0.687
1255,0.0,-0.128
1256,0.0,0.976
1257,0.3612,0.9975
1258,0.5859,0.2263
1259,0.8126,0.0
1260,-0.4588,0.484
1261,0.2263,0.9841
1262,0.2263,0.4472
1263,0.4118,0.6705
1264,-0.2846,0.9839
1265,0.7506,0.4215
1266,-0.4767,0.3182
1267,0.4404,0.7236
1268,0.2023,-0.4461
1269,0.4588,0.9714
1270,0.0,0.5994
1271,-0.25,0.679
1272,0.4404,0.9825
1273,0.4588,-0.8885
1274,0.296,0.9429
1275,0.5106,0.8934
1276,0.2023,0.9413
1277,-0.296,0.4215
1278,0.4215,0.9883
1279,0.4588,-0.8519
1280,-0.5106,-0.1689
1281,-0.0258,-0.9217
1282,-0.4404,-0.9818
1283,-0.5267,0.8858
1284,-0.2263,0.9935
1285,-0.6486,0.4939
1286,0.25,0.9868
1287,-0.6705,-0.5025
1288,0.7351,0.9785
1289,0.7615,0.9988
1290,-0.4588,0.7365
1291,0.0,0.0
1292,0.128,-0.8657
1293,0.25,-0.8054
1294,-0.1027,0.0997
1295,0.0,-0.4019
1296,-0.2732,-0.946
1297,-0.4767,0.9816
1298,-0.5423,-0.3802
1299,0.1779,0.9975
1300,0.6597,0.2144
1301,0.0,0.8807
1302,0.3182,0.9293
1303,0.3182,0.4749
1304,0.4404,0.6872
1305,0.8225,0.6853
1306,0.7003,0.9744
1307,0.5927,0.9941
1308,-0.2732,-0.9232
1309,0.128,0.8876
1310,0.7579,0.9825
1311,-0.4588,0.8244
1312,0.2023,0.0
1313,0.296,0.9787
1314,0.0,0.9246
1315,0.0,-0.128
1316,0.4019,0.9666
1317,0.5994,0.9674
1318,0.4939,0.8958
1319,0.7506,0.9758
1320,0.6908,-0.3544
1321,0.0,-0.538
1322,-0.7096,-0.9855
1323,0.0,0.7351
1324,-0.6705,-0.8462
1325,-0.9477,-0.9767
1326,-0.9595,-0.938
1327,0.0,0.0
1328,-0.4588,-0.9153
1329,-0.8519,0.985
1330,-0.6249,-0.998
1331,0.296,-0.7351
1332,-0.7783,0.0
1333,-0.0258,0.8952
1334,0.4404,0.9825
1335,0.1779,0.9807
1336,0.0258,-0.9339
1337,0.0,0.9299
1338,-0.34,-0.8837
1339,0.0,0.7184
1340,0.3818,0.9858
1341,0.1779,-0.8443
1342,0.3182,0.9368
1343,0.5267,0.6491
1344,-0.4588,0.7365
1345,0.4404,0.8689
1346,-0.5994,-0.9861
1347,0.0,0.8274
1348,0.0,0.8274
1349,-0.4404,0.7645
1350,-0.25,0.8591
1351,0.3182,0.0745
1352,0.0,0.9939
1353,0.4019,-0.4215
1354,-0.4019,0.9898
1355,0.7096,0.9871
1356,0.5106,-0.871
1357,-0.714,-0.8064
1358,0.1027,-0.0644
1359,0.0387,0.837
1360,-0.6369,0.8807
1361,-0.7717,-0.1655
1362,0.5859,0.9966
1363,-0.6705,-0.936
1364,-0.024,0.6543
1365,-0.25,0.8591
1366,-0.2732,-0.5927
1367,0.0,0.0577
1368,-0.6249,-0.9982
1369,-0.8374,-0.9679
1370,-0.7506,-0.987
1371,-0.875,0.9664
1372,-0.8932,0.9122
1373,-0.024,0.6543
1374,0.2732,-0.7512
1375,0.4019,-0.7646
1376,0.25,0.949
1377,0.765,0.9952
1378,0.5267,-0.9805
1379,0.3182,-0.7906
1380,0.1531,-0.1779
1381,0.6908,0.8957
1382,0.6369,0.878
1383,-0.9231,-0.8839
1384,0.0,-0.9726
1385,0.0516,-0.9937
1386,-0.4215,-0.9942
1387,0.7096,0.9601
1388,0.0,0.836
1389,0.0,0.5267
1390,-0.0258,0.5346
1391,0.0,-0.3634
1392,-0.0258,0.8032
1393,0.7269,0.9803
1394,-0.2263,-0.3724
1395,-0.2263,-0.9036
1396,-0.1027,0.9927
1397,0.0,0.9552
1398,0.0,0.0577
1399,-0.4588,0.9952
1400,0.0,0.9915
1401,0.0,-0.7648
1402,0.7906,0.9188
1403,0.296,0.8269
1404,-0.7184,0.9621
1405,0.2023,0.948
1406,-0.6486,0.9971
1407,-0.5719,0.8837
1408,0.6705,-0.9511
1409,-0.5739,-0.9873
1410,-0.8674,0.8621
1411,0.743,-0.7856
1412,0.5267,0.9209
1413,0.5129,0.9955
1414,-0.2263,-0.9854
1415,-0.3818,0.8122
1416,-0.7391,0.9924
1417,0.7351,0.2342
1418,-0.0772,0.982
1419,0.2732,0.9485
1420,0.8689,0.9975
1421,-0.5267,-0.8944
1422,0.1779,0.7306
1423,-0.4497,0.8625
1424,-0.5719,-0.991
1425,-0.3818,-0.9589
1426,0.6908,0.9766
1427,0.5267,0.9948
1428,0.6344,0.9231
1429,0.3818,0.987
1430,0.7579,0.7007
1431,0.4939,0.9774
1432,0.0,-0.9943
1433,0.4767,0.1972
1434,-0.3182,0.7515
1435,0.1027,-0.9515
1436,-0.2023,0.847
1437,-0.5423,-0.872
1438,-0.128,-0.9455
1439,0.1779,0.9791
1440,0.1779,0.9791
1441,0.4215,0.3716
1442,0.4939,0.6808
1443,-0.4404,0.9907
1444,0.0,-0.9469
1445,-0.4404,-0.8858
1446,-0.7269,0.9925
1447,0.0,0.9975
1448,0.7351,-0.8937
1449,-0.34,-0.2183
1450,0.0,0.9933
1451,-0.2263,-0.6555
1452,0.0,0.1027
1453,-0.6486,-0.1352
1454,0.7506,0.8651
1455,-0.2263,-0.9854
1456,-0.8225,-0.789
1457,-0.25,0.9906
1458,0.8689,0.9975
1459,-0.7684,-0.9849
1460,-0.3071,0.9901
1461,0.3818,-0.9821
1462,0.296,-0.4684
1463,0.2023,0.7721
1464,0.743,0.9794
1465,0.2732,0.9559
1466,0.3818,-0.9769
1467,-0.5267,-0.7391
1468,-0.0258,-0.9811
1469,0.0772,-0.9839
1470,-0.2732,-0.8074
1471,-0.7003,0.6356
1472,0.5106,0.9981
1473,0.0772,0.9062
1474,0.4019,0.9901
1475,0.4939,0.9774
1476,0.2449,-0.4051
1477,0.4767,0.1972
1478,0.5574,0.9824
1479,0.1655,0.9974
1480,0.347,-0.0772
1481,-0.8402,0.9841
1482,0.4767,0.9826
1483,0.5719,-0.4443
1484,0.7003,0.9728
1485,0.0,0.9021
1486,-0.9201,0.9367
1487,-0.3182,-0.9958
1488,0.0,0.9769
1489,-0.4019,0.6967
1490,-0.5106,-0.9198
1491,0.0,0.9805
1492,-0.6705,-0.5994
1493,0.0772,0.8635
1494,-0.7887,0.3252
1495,-0.8402,-0.8442
1496,-0.6486,0.7096
1497,-0.0258,0.9529
1498,0.0,0.8362
1499,0.3818,0.882
1500,0.3818,0.9945
1501,0.296,0.0
1502,-0.743,0.2617
1503,-0.6808,0.9349
1504,-0.8402,-0.9988
1505,0.2846,-0.128
1506,0.0258,-0.5994
1507,-0.2732,0.6369
1508,-0.8271,-0.34
1509,-0.5423,0.8555
1510,0.4019,0.9901
1511,0.5574,-0.9873
1512,0.1027,0.9769
1513,0.6914,0.6369
1514,0.4966,-0.9424
1515,0.0,0.9471
1516,0.6808,0.9725
1517,-0.6705,0.7494
1518,-0.3182,0.9427
1519,0.4588,0.9926
1520,0.4767,0.9792
1521,-0.34,0.8166
1522,-0.4215,-0.9676
1523,0.296,0.9931
1524,0.0516,0.9512
1525,0.0,0.9521
1526,0.0258,0.9659
1527,-0.4939,0.7184
1528,-0.0772,0.9912
1529,-0.0258,-0.1522
1530,-0.4215,0.9947
1531,0.1531,-0.8519
1532,0.7615,0.9655
1533,-0.5106,-0.7951
1534,0.5574,0.99
1535,0.128,0.9904
1536,0.0,0.9243
1537,0.7351,-0.9986
1538,0.7351,-0.9971
1539,0.2023,-0.3612
1540,0.0258,0.6705
1541,0.5574,0.9671
1542,-0.743,-0.9648
1543,-0.6705,0.3265
1544,-0.3182,0.9226
1545,0.0,0.9186
1546,-0.7845,0.7131
1547,0.0,0.9477
1548,-0.5423,0.9741
1549,0.0,-0.235
1550,0.4966,-0.9424
1551,0.6249,0.9871
1552,-0.3919,-0.2122
1553,0.296,0.9953
1554,0.0,0.0523
1555,0.34,0.9411
1556,-0.4939,-0.9695
1557,0.6369,0.9685
1558,0.0,0.9789
1559,-0.128,0.8961
1560,0.1779,-0.3851
1561,-0.8625,-0.3944
1562,0.6597,0.9569
1563,0.0,0.9186
1564,0.7845,-0.2593
1565,0.0,0.9761
1566,0.0,0.765
1567,0.4215,0.9937
1568,-0.7845,0.0516
1569,-0.4588,-0.765
1570,-0.4588,0.6124
1571,0.0,0.4588
1572,0.6597,-0.4939
1573,0.0,0.0772
1574,0.34,0.9442
1575,0.0,0.0498
1576,0.5574,0.9325
1577,0.7845,0.9603
1578,-0.7184,0.853
1579,-0.7184,0.853
1580,0.5994,0.9841
1581,0.0,0.505
1582,-0.1311,0.9742
1583,-0.296,0.128
1584,0.8047,0.9744
1585,-0.3818,0.9761
1586,-0.1531,-0.7184
1587,-0.25,0.5916
1588,-0.743,0.9826
1589,0.3182,0.968
1590,-0.1779,0.6486
1591,0.1082,0.5187
1592,0.4767,0.4767
1593,0.0258,0.3182
1594,0.5719,0.9895
1595,0.3612,-0.7717
1596,0.0,0.8385
1597,-0.8689,0.9111
1598,-0.8381,0.8074
1599,0.0,0.9895
1600,0.4767,0.9741
1601,0.2238,0.0
1602,-0.7269,-0.9743
1603,-0.5994,0.87
1604,-0.0613,-0.0516
1605,0.4522,0.9129
1606,0.2882,-0.9863
1607,-0.6369,-0.0941
1608,-0.3612,0.9812
1609,-0.4215,-0.7717
1610,0.2263,0.9973
1611,0.0,0.3652
1612,-0.4215,0.9992
1613,0.5859,0.7587
1614,0.3818,0.9247
1615,0.4767,-0.9274
1616,-0.4215,-0.8963
1617,-0.3919,0.9629
1618,-0.4215,-0.9026
1619,0.4767,0.9672
1620,0.0,0.9856
1621,0.25,0.9801
1622,0.4404,0.7269
1623,-0.4215,0.909
1624,-0.4939,-0.5267
1625,0.8176,0.9899
1626,0.6808,-0.4019
1627,0.5106,0.9847
1628,0.296,0.9538
1629,0.7906,0.9918
1630,0.0,0.913
1631,-0.4215,0.9469
1632,-0.5574,-0.705
1633,-0.0772,-0.762
1634,0.25,0.8832
1635,0.25,0.9972
1636,-0.3415,0.9879
1637,0.4767,0.8299
1638,0.2732,0.8065
1639,0.7584,0.9122
1640,-0.2263,-0.9408
1641,-0.5267,0.2263
1642,-0.5423,0.121
1643,-0.4588,0.945
1644,-0.7951,-0.2516
1645,-0.1779,0.7876
1646,-0.6815,-0.9514
1647,-0.1531,0.2263
1648,0.0,0.9931
1649,0.0,0.3408
1650,-0.6652,-0.9775
1651,0.0,0.9242
1652,-0.4019,-0.7709
1653,-0.3612,0.9186
1654,0.3182,0.0
1655,0.4939,0.7404
1656,0.2023,0.7717
1657,-0.891,-0.9878
1658,-0.2263,-0.9268
1659,0.296,-0.8658
1660,0.3182,0.2927
1661,-0.3612,0.8558
1662,0.4215,0.4019
1663,-0.5719,0.9161
1664,-0.0516,0.9862
1665,-0.7269,0.9657
1666,0.296,0.9538
1667,0.3182,0.4939
1668,0.7906,0.9918
1669,0.6486,0.9868
1670,0.0258,0.9575
1671,0.2732,0.8556
1672,-0.0772,0.9879
1673,-0.4215,0.9469
1674,0.1531,0.5106
1675,0.1531,0.5106
1676,0.1531,0.5106
1677,0.2732,0.8556
1678,-0.34,-0.296
1679,0.0,0.4098
1680,-0.5994,0.7947
1681,0.4404,0.5414
1682,0.8934,0.9663
1683,-0.2023,0.8387
1684,0.25,0.9972
1685,0.5719,-0.3462
1686,0.3818,-0.9034
1687,0.5118,0.6283
1688,-0.5106,0.4443
1689,-0.5423,0.121
1690,-0.6486,-0.9732
1691,-0.5106,0.8064
1692,-0.1779,0.9818
1693,-0.1531,0.2263
1694,-0.0516,0.9022
1695,0.2732,0.9939
1696,-0.8176,-0.9929
1697,-0.3291,0.9975
1698,0.0,-0.25
1699,0.0129,0.2732
1700,0.1531,0.9861
1701,-0.6249,-0.7447
1702,0.1531,0.7845
1703,-0.5106,0.296
1704,-0.5106,0.9657
1705,-0.4588,0.9912
1706,0.017,-0.8362
1707,0.7351,0.9325
1708,0.2023,0.9878
1709,0.0,0.9976
1710,-0.34,0.4336
1711,0.2023,0.9865
1712,0.5994,0.9769
1713,-0.5423,0.889
1714,-0.5423,0.889
1715,-0.5719,0.5319
1716,0.765,0.9881
1717,0.3182,-0.5509
1718,-0.34,0.9874
1719,0.8555,0.9967
1720,0.5423,0.296
1721,0.4299,0.0772
1722,0.0,0.9042
1723,-0.6486,0.4159
1724,-0.2023,0.9503
1725,-0.128,0.2732
1726,0.2263,0.9287
1727,0.4215,-0.2732
1728,0.3182,0.7713
1729,-0.34,0.9231
1730,0.5719,-0.9887
1731,-0.0258,0.7912
1732,0.4019,-0.296
1733,0.3182,0.8225
1734,0.0,0.987
1735,0.34,0.9732
1736,0.34,0.9878
1737,0.34,0.9846
1738,-0.2023,0.6341
1739,0.1531,-0.9961
1740,-0.6369,-0.5413
1741,0.6249,0.9858
1742,0.5267,0.9628
1743,-0.0,-0.4019
1744,0.2484,0.9423
1745,0.296,0.9903
1746,-0.6705,0.8954
1747,0.3818,-0.4316
1748,-0.6705,0.8954
1749,0.0,0.9744
1750,-0.34,0.9865
1751,0.1779,0.7346
1752,0.2144,-0.0994
1753,0.0258,0.8399
1754,0.5423,0.943
1755,0.3818,0.6059
1756,0.0258,-0.9226
1757,0.7579,0.9893
1758,0.7579,0.9893
1759,0.3818,-0.8111
1760,-0.4215,0.1371
1761,-0.7906,0.9512
1762,0.204,0.9952
1763,-0.3612,0.936
1764,0.0,0.1779
1765,0.4404,0.9852
1766,-0.5574,0.4238
1767,0.0,0.9216
1768,0.1779,0.95
1769,0.7964,0.9943
1770,0.6597,0.9062
1771,0.296,0.991
1772,0.34,-0.9831
1773,0.4256,0.644
1774,-0.4322,0.2361
1775,0.7269,0.946
1776,0.7269,0.946
1777,0.5267,0.9332
1778,0.5267,0.7602
1779,0.5267,0.9332
1780,0.1027,0.9001
1781,0.0,0.1027
1782,-0.2023,0.9503
1783,-0.3818,0.8625
1784,0.1027,0.9735
1785,-0.4939,0.938
1786,0.1027,0.8765
1787,0.2144,-0.4767
1788,0.2144,-0.4767
1789,0.2144,-0.4767
1790,-0.2263,0.0
1791,0.7845,0.9201
1792,0.0,-0.25
1793,-0.296,-0.9885
1794,0.6808,0.7717
1795,-0.3182,0.9858
1796,0.8779,0.9953
1797,-0.2263,0.9064
1798,0.2023,0.0021
1799,0.6249,0.9858
1800,0.7003,-0.8763
1801,-0.0516,0.2263
1802,0.5764,0.9779
1803,0.4019,0.9153
1804,0.0,0.9578
1805,-0.3818,0.7351
1806,0.8316,0.7744
1807,0.5574,0.979
1808,-0.6249,0.1551
1809,0.0,-0.4588
1810,0.1779,0.9956
1811,0.1779,0.9956
1812,0.0,0.9371
1813,0.4939,0.9787
1814,0.0,0.9072
1815,0.7506,0.9978
1816,-0.4588,0.1779
1817,0.3818,0.9217
1818,-0.3182,0.9858
1819,0.5423,0.8687
1820,0.0,-0.1796
1821,-0.8847,0.6575
1822,0.2484,-0.9903
1823,0.5574,0.9893
1824,0.5106,0.9835
1825,0.91,-0.9359
1826,0.8625,-0.6918
1827,-0.5267,0.9796
1828,-0.8847,0.6575
1829,0.3182,-0.1937
1830,0.3182,0.9397
1831,-0.128,0.5859
1832,0.4939,0.5574
1833,0.4939,0.5574
1834,0.9382,0.9986
1835,0.0,0.6739
1836,0.0,0.6739
1837,0.7579,0.8442
1838,-0.296,0.1406
1839,-0.1458,0.986
1840,0.25,0.9595
1841,0.1779,0.8225
1842,0.3818,0.9957
1843,0.4215,-0.9052
1844,-0.128,-0.9325
1845,-0.1027,0.5859
1846,0.4767,0.9432
1847,-0.128,-0.687
1848,0.6705,0.6597
1849,0.296,0.9694
1850,0.0258,-0.2263
1851,0.0,0.9977
1852,0.296,0.9805
1853,0.296,0.0
1854,0.0,-0.8316
1855,0.1027,0.9956
1856,0.0,-0.1885
1857,-0.128,0.9275
1858,0.7003,0.7178
1859,-0.2732,0.3415
1860,0.4215,0.8384
1861,0.0,0.8765
1862,0.34,0.802
1863,0.5574,0.9785
1864,0.0,0.0772
1865,0.0,-0.9908
1866,-0.5574,0.8126
1867,-0.6956,0.6623
1868,-0.6956,0.6623
1869,-0.3612,0.0
1870,0.0,0.9812
1871,0.5267,0.9538
1872,0.1027,0.9862
1873,0.0,0.9947
1874,0.4939,0.9748
1875,0.296,0.9777
1876,0.7184,0.9712
1877,0.3612,0.9649
1878,0.3818,0.4588
1879,-0.2263,0.5859
1880,-0.2263,-0.5574
1881,-0.4019,-0.872
1882,-0.296,-0.9882
1883,0.2023,0.9413
1884,0.4939,0.8196
1885,0.0,-0.1796
1886,0.1027,0.9664
1887,0.4939,0.7351
1888,-0.4588,0.9153
1889,-0.4497,0.9956
1890,0.5423,0.8935
1891,0.5859,0.8255
1892,0.6597,0.9942
1893,0.34,0.8814
1894,0.0,0.7984
1895,0.6481,0.3111
1896,0.5719,0.0228
1897,0.8074,0.7778
1898,0.0,0.34
1899,-0.5574,0.323
1900,-0.1531,0.1116
1901,0.3818,0.9981
1902,0.7501,0.9678
1903,-0.128,0.5859
1904,0.3818,0.9861
1905,0.7579,0.9416
1906,0.7579,0.994
1907,0.891,0.9379
1908,0.6808,0.3818
1909,-0.2263,0.9965
1910,0.8176,0.9709
1911,0.2732,0.4019
1912,-0.128,0.0933
1913,0.2263,0.9844
1914,-0.25,0.9477
1915,0.0,0.6621
1916,0.0,0.7882
1917,-0.7783,-0.5106
1918,0.6597,0.7845
1919,0.7269,0.9761
1920,-0.2263,-0.965
1921,0.7906,0.9931
1922,0.6597,-0.9381
1923,-0.3818,0.9732
1924,-0.4588,-0.3818
1925,-0.2023,0.9647
1926,-0.2263,0.9329
1927,0.2263,0.6486
1928,-0.8381,0.8625
1929,0.0258,-0.8439
1930,0.0258,-0.8439
1931,0.296,0.6705
1932,0.296,0.9451
1933,0.296,0.6705
1934,0.4767,0.8402
1935,-0.6249,0.9844
1936,0.0,0.9705
1937,0.2023,0.7003
1938,0.4576,0.9776
1939,-0.128,0.9275
1940,-0.2263,0.9964
1941,-0.128,0.9275
1942,0.4215,0.8384
1943,0.0,-0.9382
1944,-0.7579,0.6877
1945,0.3071,0.3247
1946,0.0,0.9983
1947,0.4404,0.8151
1948,0.4404,0.8151
1949,0.7184,0.9858
1950,-0.6249,-0.7845
1951,-0.5267,-0.9791
1952,0.1027,0.9877
1953,0.1779,-0.9177
1954,0.5994,0.9842
1955,0.4019,0.9681
1956,0.0,0.296
1957,-0.5106,-0.8082
1958,-0.0516,-0.205
1959,0.0,0.5642
1960,0.128,0.8934
1961,0.4019,-0.3182
1962,0.0,0.791
1963,0.0,0.2486
1964,0.0,0.9826
1965,-0.5667,0.4767
1966,-0.5667,0.4767
1967,0.25,0.0
1968,-0.1027,0.9144
1969,0.296,-0.7845
1970,0.0,0.7579
1971,0.7506,0.8942
1972,-0.286,-0.8636
1973,0.4404,-0.2653
1974,-0.2732,0.0167
1975,0.0,-0.976
1976,-0.4404,0.9823
1977,0.0,0.7772
1978,0.743,0.0294
1979,0.1779,0.296
1980,0.7184,0.9555
1981,-0.4939,0.4215
1982,0.4588,0.9853
1983,-0.3182,0.9062
1984,-0.3182,0.296
1985,0.0,-0.9625
1986,0.0,-0.9625
1987,0.0,-0.9625
1988,0.0,-0.9625
1989,0.5719,0.9702
1990,0.0,0.0
1991,-0.296,0.8074
1992,-0.8316,-0.5813
1993,-0.9081,-0.9203
1994,0.2023,0.8225
1995,-0.5267,0.4021
1996,0.0,0.5423
1997,-0.5267,-0.7715
1998,0.4404,0.9516
1999,-0.25,0.91
2000,0.2263,0.9871
2001,0.296,0.9645
2002,-0.2263,0.8107
2003,0.4939,-0.2501
2004,-0.1027,0.9144
2005,0.3818,0.968
2006,0.5423,-0.8284
2007,0.0,-0.3053
2008,-0.4019,0.9742
2009,0.4215,0.9601
2010,0.0,0.9413
2011,0.5859,0.9169
2012,-0.6808,0.8622
2013,-0.296,0.9818
2014,0.34,0.9294
2015,-0.4588,-0.9896
2016,0.0,0.3818
2017,0.0,0.7506
2018,-0.25,0.8442
2019,0.0772,0.4588
2020,0.2732,0.9382
2021,-0.5267,-0.3391
2022,-0.5859,0.9326
2023,-0.7184,0.9859
2024,0.0,0.3826
2025,0.0,0.962
2026,0.0,0.9887
2027,0.0258,0.9075
2028,0.3612,0.8692
2029,-0.5267,-0.5118
2030,-0.296,0.8138
2031,0.7351,0.9062
2032,-0.128,0.9604
2033,-0.5719,-0.9841
2034,0.296,0.9645
2035,0.0516,0.9779
2036,0.7964,0.5267
2037,0.0,0.5198
2038,0.3182,0.1779
2039,-0.4588,-0.9697
2040,-0.2263,0.975
2041,0.7783,0.9382
2042,0.0,0.0757
2043,0.8519,0.9869
2044,0.0772,0.4215
2045,0.4404,-0.3612
2046,-0.1531,-0.9439
2047,-0.5423,-0.2035
2048,-0.1779,-0.802
2049,0.0,-0.9515
2050,-0.2732,0.742
2051,-0.2732,0.9854
2052,-0.8402,-0.9676
2053,0.6249,0.9169
2054,-0.765,-0.3442
2055,-0.9231,-0.9902
2056,0.0,-0.9921
2057,0.4767,0.0
2058,-0.1779,0.8832
2059,-0.0772,-0.6369
2060,0.4939,0.5574
2061,0.2732,0.6486
2062,0.0,-0.2732
2063,0.6956,-0.265
2064,0.5267,0.9291
2065,0.5267,-0.9871
2066,0.0,-0.8176
2067,-0.2263,-0.765
2068,0.8689,0.802
2069,-0.1027,0.743
2070,0.0,0.9201
2071,-0.7845,-0.6369
2072,0.8519,0.9869
2073,-0.4588,-0.8777
2074,-0.2732,0.742
2075,-0.5106,0.6655
2076,0.6956,-0.265
2077,0.5267,0.4404
2078,0.3182,0.9784
2079,0.3182,0.9234
2080,-0.5267,-0.128
2081,0.4767,0.8268
2082,0.25,0.3871
2083,0.0258,-0.9803
2084,0.7783,0.9081
2085,0.3612,0.688
2086,-0.5106,0.0
2087,-0.7783,-0.988
2088,-0.2732,0.742
2089,-0.7096,-0.7468
2090,0.0,0.7935
2091,0.0,0.5994
2092,-0.4939,-0.9893
2093,-0.4404,-0.9806
2094,0.6808,0.9727
2095,0.2617,0.977
2096,-0.8126,0.4859
2097,-0.5106,0.6655
2098,0.2023,0.7783
2099,-0.4019,-0.978
2100,-0.296,-0.6597
2101,0.4767,0.9884
2102,-0.5423,-0.4588
2103,0.2732,0.6486
2104,0.0,-0.2732
2105,0.2732,-0.9274
2106,0.5267,0.4404
2107,-0.6808,0.9557
2108,-0.7579,0.9863
2109,-0.6705,-0.9917
2110,-0.6705,0.0
2111,-0.765,-0.9928
2112,0.3818,0.7702
2113,0.5423,-0.9042
2114,0.0,0.9349
2115,-0.1531,0.9902
2116,-0.5719,-0.8712
2117,0.0258,0.9681
2118,-0.9136,-0.0516
2119,0.2716,0.5023
2120,0.8869,0.9661
2121,0.7096,-0.1027
2122,-0.5267,0.2247
2123,0.5994,0.9758
2124,0.5255,0.9985
2125,0.5719,0.9842
2126,0.3182,0.9234
2127,0.0772,0.1027
2128,0.0258,-0.9803
2129,0.0772,0.9872
2130,-0.743,0.9865
2131,-0.7579,-0.6708
2132,-0.9081,0.0704
2133,0.3612,0.688
2134,0.0,0.8361
2135,0.5574,0.6249
2136,-0.2263,-0.9668
2137,-0.7783,-0.988
2138,-0.8399,0.4576
2139,0.0,0.0
2140,0.0,-0.296
2141,0.0,0.4215
2142,0.0,0.296
2143,0.0,-0.5267
2144,0.7391,0.9766
2145,0.4767,0.9517
2146,0.0,0.296
2147,-0.5267,0.4215
2148,0.296,-0.3219
2149,0.6705,-0.9701
2150,0.4215,0.9706
2151,0.6808,0.9727
2152,0.0,0.9758
2153,0.4404,0.5719
2154,-0.5719,-0.9808
2155,0.0,0.9912
2156,-0.2617,-0.9793
2157,-0.5267,-0.9882
2158,0.0,0.3818
2159,0.7845,0.9691
2160,0.2732,0.7684
2161,0.4767,0.9517
2162,0.7269,0.9398
2163,0.4215,0.2732
2164,0.0,-0.079
2165,-0.5423,-0.765
2166,-0.296,-0.905
2167,0.6705,-0.997
2168,-0.128,0.6757
2169,-0.802,-0.8271
2170,-0.0516,0.8582
2171,0.5423,-0.7525
2172,-0.3818,-0.6993
2173,-0.6597,-0.9325
2174,-0.6249,-0.9612
2175,0.3182,0.0516
2176,-0.4404,-0.316
2177,-0.7964,-0.6124
2178,-0.7171,0.9498
2179,-0.6705,-0.5466
2180,-0.2732,0.3818
2181,0.2023,0.992
2182,0.2732,0.9892
2183,0.6369,0.8945
2184,-0.5106,0.9873
2185,0.0,0.2732
2186,-0.7269,-0.9705
2187,-0.4767,0.3818
2188,0.765,0.9869
2189,0.4767,0.9971
2190,0.4215,0.2732
2191,0.6369,0.296
2192,0.4215,0.0
2193,0.0,0.3612
2194,-0.7943,-0.4142
2195,0.0,0.9524
2196,0.5994,-0.3612
2197,0.0,0.5574
2198,0.0,0.791
2199,0.5574,-0.4796
2200,0.5574,-0.6816
2201,-0.7635,-0.9956
2202,-0.5106,0.7601
2203,-0.5267,0.4215
2204,0.0258,0.9867
2205,0.0,0.743
2206,-0.5994,-0.9643
2207,-0.1027,0.9497
2208,0.0,-0.2006
2209,0.4588,0.9269
2210,0.4404,-0.7939
2211,0.0,0.7634
2212,0.0,0.8007
2213,0.4588,-0.296
2214,-0.6808,-0.4588
2215,0.2732,0.6486
2216,0.0,-0.2732
2217,-0.6908,-0.9112
2218,0.5267,0.4404
2219,-0.1531,-0.9929
2220,-0.0516,0.8582
2221,0.2716,0.9641
2222,-0.6908,0.9441
2223,-0.5719,0.4576
2224,-0.2732,0.9403
2225,-0.7171,0.9498
2226,0.7003,0.9794
2227,-0.2023,-0.476
2228,0.6908,0.9906
2229,0.2023,0.992
2230,0.3182,0.9136
2231,-0.743,-0.9896
2232,0.4599,-0.8834
2233,0.5277,-0.9786
2234,0.0,0.9452
2235,0.5106,0.9294
2236,-0.5423,-0.9921
2237,-0.5859,-0.9628
2238,0.0,0.9259
2239,-0.1027,0.2601
2240,0.0,0.9682
2241,0.0,0.1531
2242,0.3182,0.6486
2243,0.6369,0.6369
2244,-0.5106,0.7077
2245,0.296,-0.4404
2246,0.7845,0.2263
2247,-0.4118,0.9743
2248,0.5574,-0.6816
2249,-0.7635,-0.9956
2250,-0.7269,-0.9208
2251,0.1779,-0.5994
2252,0.0,0.9539
2253,-0.6908,-0.9112
2254,0.7003,0.9794
2255,0.3612,0.8442
2256,-0.5574,0.8553
2257,-0.743,-0.9896
2258,-0.5859,-0.9628
2259,-0.2235,0.9807
2260,-0.6908,0.9441
2261,0.2732,0.9726
2262,0.0,0.926
2263,0.34,-0.0189
2264,0.0,0.743
2265,0.0,0.998
2266,0.3612,0.9811
2267,0.5517,0.9524
2268,0.6908,-0.5994
2269,0.2304,0.7255
2270,0.6124,0.5994
2271,0.3612,0.688
2272,0.5334,-0.5262
2273,0.1531,0.9795
2274,0.4767,0.9967
2275,0.0,0.891
2276,0.5719,0.9872
2277,0.0,0.9941
2278,0.5478,0.9862
2279,0.7783,0.9945
2280,0.0,-0.9584
2281,0.8294,0.274
2282,0.4019,0.8442
2283,0.0,0.9769
2284,0.0,0.9926
2285,0.2716,0.9798
2286,0.0,0.7351
2287,0.8176,0.9885
2288,0.3612,0.6374
2289,0.0258,0.4215
2290,-0.431,-0.8954
2291,-0.4019,-0.7377
2292,0.0,0.3919
2293,0.4215,0.9841
2294,-0.2263,-0.9475
2295,-0.1779,0.9812
2296,0.0,-0.9636
2297,0.3182,0.6597
2298,0.0,0.4404
2299,0.3818,0.3818
2300,0.0,0.9686
2301,0.0,0.9912
2302,-0.2617,-0.9793
2303,-0.5267,-0.9882
2304,0.0,0.3818
2305,0.7845,0.9691
2306,0.2732,0.7684
2307,0.8567,0.9346
2308,0.6808,0.0454
2309,-0.25,-0.3919
2310,-0.2732,-0.7717
2311,-0.802,-0.8271
2312,0.3612,0.9539
2313,0.3182,0.9542
2314,0.0,0.4939
2315,-0.4215,-0.6715
2316,-0.4588,0.6881
2317,-0.6908,-0.7269
2318,0.2732,0.6361
2319,-0.4404,-0.316
2320,0.0,0.0
2321,-0.2732,-0.9944
2322,0.2732,0.9892
2323,0.2023,0.6478
2324,0.5859,0.7841
2325,-0.7269,-0.9705
2326,-0.128,0.0
2327,0.296,0.802
2328,0.6249,0.9577
2329,0.3182,0.6486
2330,-0.8176,0.7094
2331,0.2023,0.606
2332,-0.2732,-0.1483
2333,-0.7579,-0.8998
2334,0.1027,0.3144
2335,0.5267,-0.7351
2336,-0.3818,0.9267
2337,0.0,0.9537
2338,0.0,-0.8489
2339,-0.25,0.743
2340,0.1531,0.8931
2341,0.1027,0.7506
2342,0.5719,0.9872
2343,0.4215,0.6655
2344,0.7061,0.9965
2345,0.8294,0.274
2346,0.0,0.0
2347,0.25,0.9079
2348,-0.0516,0.9842
2349,0.7096,0.9816
2350,0.743,0.765
2351,-0.7579,-0.7611
2352,0.5994,0.8402
2353,0.34,0.128
2354,0.6486,-0.834
2355,0.0,0.5346
2356,0.0,0.5182
2357,0.0,-0.8658
2358,-0.7003,-0.9612
2359,-0.7003,-0.5994
2360,-0.7003,-0.9933
2361,-0.5719,0.6428
2362,-0.4215,-0.9948
2363,0.4927,0.8271
2364,0.6705,0.9918
2365,0.2023,0.9371
2366,0.0,-0.9442
2367,-0.5106,0.6794
2368,-0.6682,0.34
2369,0.0,0.9766
2370,-0.2263,0.8761
2371,-0.5106,0.7232
2372,0.0,0.7269
2373,0.3182,0.9853
2374,-0.4596,0.9696
2375,-0.34,-0.6705
2376,-0.4404,-0.6725
2377,-0.2263,-0.5739
2378,0.5423,0.9118
2379,-0.4601,0.4419
2380,-0.6249,0.7096
2381,0.4404,0.991
2382,0.6518,-0.9014
2383,-0.7184,-0.7722
2384,0.0,0.9684
2385,0.0,0.4939
2386,0.5719,0.9741
2387,-0.7844,0.9943
2388,0.6908,0.5804
2389,-0.2263,0.8201
2390,0.0,0.296
2391,-0.7902,0.3793
2392,-0.4404,-0.2023
2393,-0.1027,0.9758
2394,0.0,0.5719
2395,-0.5267,-0.5984
2396,-0.5994,0.9822
2397,-0.5859,-0.7825
2398,0.6369,0.9755
2399,0.2023,0.0
2400,-0.296,0.3612
2401,0.6597,0.9788
2402,-0.5859,0.5699
2403,0.3612,0.8481
2404,0.7579,0.0
2405,0.6597,-0.9517
2406,-0.4596,0.6261
2407,-0.4596,0.9696
2408,-0.34,-0.6705
2409,-0.5574,0.9959
2410,-0.4404,-0.7266
2411,0.7506,0.9351
2412,0.6808,0.6369
2413,0.5267,0.7783
2414,-0.4767,0.0
2415,0.0,0.0
2416,-0.8176,0.5719
2417,0.2023,-0.6124
2418,-0.5106,0.296
2419,-0.5413,-0.5766
2420,0.0,0.891
2421,0.0,0.0
2422,0.4939,0.8834
2423,-0.3182,-0.5867
2424,-0.3818,-0.4019
2425,0.3182,0.7096
2426,0.7845,0.0258
2427,0.481,0.9592
2428,0.0,0.6094
2429,0.0,0.9345
2430,0.7506,0.9468
2431,-0.5176,-0.2831
2432,0.0387,0.8967
2433,-0.3612,-0.3974
2434,-0.3818,0.8176
2435,-0.7184,-0.7722
2436,-0.6486,-0.62
2437,0.2094,0.8574
2438,0.7351,0.4215
2439,0.0,0.7964
2440,0.0,-0.9085
2441,0.0,0.9921
2442,0.5499,0.9913
2443,0.1779,0.9753
2444,-0.2023,-0.8519
2445,-0.2732,0.9454
2446,-0.1531,0.9846
2447,-0.0,0.4989
2448,0.7351,0.9507
2449,0.0,-0.6597
2450,-0.2023,0.7458
2451,-0.296,0.9428
2452,0.296,0.9858
2453,0.296,0.7003
2454,-0.3612,-0.9437
2455,-0.4404,-0.9726
2456,0.4215,0.9784
2457,0.4215,0.9877
2458,-0.1779,-0.5253
2459,0.6288,0.9403
2460,0.5267,-0.4091
2461,0.3818,0.6705
2462,0.128,0.9768
2463,0.5859,-0.974
2464,0.0,0.8807
2465,0.3818,0.8558
2466,0.5106,0.9946
2467,-0.0258,0.8455
2468,-0.2263,0.0
2469,0.6369,0.7096
2470,-0.4767,-0.9919
2471,0.0,0.8625
2472,-0.5574,-0.9863
2473,-0.3506,-0.6252
2474,-0.4576,-0.9859
2475,0.0,-0.9819
2476,-0.8225,-0.7717
2477,0.0,-0.9194
2478,0.2023,0.2895
2479,0.8294,-0.8777
2480,0.7506,0.9468
2481,-0.4019,0.3158
2482,0.1779,-0.5851
2483,0.0,0.6908
2484,0.5719,-0.9748
2485,0.1406,0.9422
2486,-0.128,-0.4588
2487,-0.0772,0.4678
2488,0.6808,0.9274
2489,0.0,0.9497
2490,0.7964,0.9946
2491,0.3182,0.5508
2492,-0.5994,0.0258
2493,-0.1027,0.9902
2494,0.3612,0.5267
2495,0.0,-0.6597
2496,-0.34,-0.3102
2497,0.3612,0.9956
2498,0.0,0.4902
2499,0.0258,0.8969
2500,-0.631,0.9691
2501,0.4215,0.9877
2502,0.6124,0.9971
2503,-0.2732,-0.8056
2504,0.34,-0.886
2505,0.5046,-0.9849
2506,-0.1531,0.1027
2507,0.4939,-0.8219
2508,0.5574,0.551
2509,0.0,-0.9951
2510,-0.1877,0.9852
2511,-0.0418,0.711
2512,-0.3182,0.9537
2513,-0.7184,0.9272
2514,-0.7906,0.8274
2515,-0.4588,0.8586
2516,-0.4215,-0.6697
2517,-0.4215,-0.6697
2518,0.0,0.9621
2519,0.34,0.4215
2520,-0.6249,0.8537
2521,-0.8225,-0.9194
2522,0.7506,0.8744
2523,0.0,-0.1027
2524,0.2732,0.1531
2525,0.128,0.3919
2526,0.0,0.9674
2527,-0.4019,0.9671
2528,0.5994,0.5423
2529,-0.0516,0.932
2530,-0.2732,-0.9651
2531,-0.34,-0.3102
2532,-0.2732,0.2273
2533,-0.4019,0.296
2534,-0.34,0.7466
2535,-0.34,0.9726
2536,0.0,0.9925
2537,0.5423,0.8591
2538,-0.4019,0.6908
2539,0.0,0.9674
2540,-0.2732,0.0167
2541,0.5574,0.0
2542,-0.1027,0.6486
2543,0.4019,0.3626
2544,0.6124,0.9758
2545,-0.0516,0.9217
2546,0.8316,0.9899
2547,0.5574,0.9764
2548,-0.2263,-0.2263
2549,0.2732,0.0
2550,-0.25,0.9738
2551,-0.25,0.8074
2552,0.34,0.9682
2553,0.34,0.9762
2554,0.0,0.9906
2555,0.7783,0.1779
2556,0.872,-0.4256
2557,-0.1531,0.8122
2558,0.0,0.5346
2559,-0.4767,-0.9806
2560,-0.3612,0.8305
2561,0.0,0.9826
2562,0.7227,0.708
2563,0.0,-0.8316
2564,-0.5023,-0.9362
2565,-0.2732,-0.7783
2566,0.5859,0.9184
2567,0.3502,-0.7906
2568,0.7096,0.8979
2569,-0.0258,-0.6369
2570,-0.3818,-0.6369
2571,-0.8176,0.972
2572,-0.886,0.6486
2573,0.785,0.1566
2574,-0.51,-0.3818
2575,-0.128,0.8977
2576,-0.5106,0.6801
2577,0.4939,0.9406
2578,0.0,0.6908
2579,0.7184,0.9559
2580,0.0,0.9524
2581,-0.4767,0.54
2582,0.4767,0.9741
2583,0.0,0.4215
2584,0.2732,-0.5994
2585,-0.1027,0.4019
2586,0.2263,0.9643
2587,0.5859,0.0
2588,0.6908,0.9862
2589,0.0,0.9931
2590,0.5859,0.9533
2591,0.6369,0.9
2592,0.4497,-0.9534
2593,0.3291,0.9382
2594,0.3818,0.0
2595,-0.128,0.5759
2596,-0.3612,0.8319
2597,0.0,0.3291
2598,0.2263,0.9947
2599,0.1779,-0.5853
2600,0.3612,-0.128
2601,0.5423,0.9538
2602,0.0772,-0.25
2603,-0.7003,0.9889
2604,-0.683,-0.9746
2605,0.3291,0.993
2606,0.7456,0.859
2607,0.872,-0.4256
2608,-0.0258,-0.9072
2609,-0.4767,0.704
2610,0.0,-0.5428
2611,0.3182,-0.2751
2612,-0.2732,0.9085
2613,0.7535,-0.967
2614,-0.3919,0.6249
2615,-0.8176,0.972
2616,0.0,0.5106
2617,0.0,0.4466
2618,0.4939,0.9877
2619,0.6124,0.4019
2620,0.2732,0.7506
2621,0.5859,0.9908
2622,0.0,0.0
2623,-0.1169,0.7222
2624,-0.1169,0.9949
2625,-0.5106,0.7575
2626,0.1779,0.9311
2627,-0.2023,0.8689
2628,0.3818,0.7964
2629,-0.296,-0.3612
2630,0.0,0.9822
2631,0.2263,0.9643
2632,-0.7178,-0.363
2633,-0.7178,0.7262
2634,0.0,-0.8314
2635,0.7269,0.91
2636,0.8074,0.8176
2637,-0.8442,-0.9517
2638,-0.3612,0.6915
2639,-0.7184,-0.9828
2640,-0.1779,0.4547
2641,0.4588,0.9814
2642,0.7269,0.9845
2643,-0.886,0.9794
2644,-0.4019,0.1779
2645,0.4404,0.9867
2646,0.3818,-0.0772
2647,0.4588,0.9542
2648,-0.5719,0.4404
2649,0.7783,0.0258
2650,0.4939,-0.8373
2651,0.7845,0.9164
2652,0.8481,-0.4404
2653,-0.4588,0.9786
2654,0.7845,-0.1722
2655,0.1531,0.6103
2656,0.7845,-0.1722
2657,0.4019,0.9851
2658,-0.4404,0.9314
2659,0.0,0.5719
2660,-0.2484,0.9946
2661,0.7096,0.9956
2662,0.296,-0.1531
2663,0.6369,0.6486
2664,0.0,-0.7003
2665,0.0772,0.9826
2666,-0.4215,0.9938
2667,-0.3182,-0.4588
2668,-0.4215,0.8779
2669,0.6597,0.1761
2670,0.5267,-0.957
2671,-0.7902,0.7351
2672,0.7184,-0.7807
2673,-0.4588,0.6743
2674,0.7906,-0.7391
2675,0.0,0.7806
2676,-0.5859,-0.6997
2677,0.8519,0.9692
2678,-0.2263,0.3022
2679,0.1779,0.9468
2680,0.0,0.7845
2681,-0.2732,0.705
2682,-0.2732,0.4767
2683,0.2263,0.4939
2684,0.6124,0.0
2685,0.0,0.9932
2686,-0.6249,-0.7269
2687,0.296,0.3818
2688,-0.3612,0.4588
2689,0.0,-0.3612
2690,0.5719,0.9521
2691,0.0,0.0258
2692,0.8126,0.9118
2693,-0.0516,0.955
2694,-0.0516,0.9867
2695,-0.8934,0.9562
2696,0.0516,-0.862
2697,-0.4033,-0.8694
2698,-0.4033,-0.9109
2699,0.0,0.9766
2700,0.1779,0.9955
2701,-0.1531,0.9707
2702,0.6597,0.9904
2703,0.0,0.296
2704,0.3818,0.8504
2705,-0.802,0.2577
2706,0.4215,0.802
2707,-0.0,0.9735
2708,0.6597,0.9895
2709,0.1531,0.6103
2710,0.5859,0.7843
2711,0.5106,0.7269
2712,0.128,-0.6656
2713,-0.765,-0.8885
2714,0.1779,0.9468
2715,-0.3818,0.9289
2716,-0.6901,-0.9337
2717,-0.6597,0.34
2718,-0.6597,0.7992
2719,-0.0772,-0.0258
2720,0.2023,0.9631
2721,0.5859,0.296
2722,0.6705,0.9944
2723,0.1531,0.9516
2724,0.5859,0.9598
2725,0.0,0.9239
2726,0.0,0.9941
2727,0.0,-0.4576
2728,0.2263,0.6249
2729,-0.5106,0.6908
2730,0.7184,0.977
2731,-0.3182,0.2859
2732,0.5423,-0.6749
2733,0.0,0.9287
2734,0.296,0.0
2735,0.6808,-0.9764
2736,0.3182,0.9717
2737,-0.25,0.9827
2738,0.5719,0.8047
2739,0.0,0.9874
2740,-0.2732,0.0881
2741,-0.4588,0.932
2742,0.0,0.5574
2743,-0.4019,-0.9423
2744,0.2732,-0.7579
2745,0.5106,0.9774
2746,0.5719,0.9521
2747,-0.4767,0.5859
2748,-0.2732,0.128
2749,-0.3612,0.9805
2750,0.7845,0.8555
2751,0.2263,-0.916
2752,-0.5574,-0.9914
2753,0.8591,0.743
2754,0.8834,0.9978
2755,0.431,0.9598
2756,-0.8316,-0.6852
2757,-0.4033,-0.9109
2758,-0.1531,0.9707
2759,-0.5106,0.9366
2760,-0.7003,-0.9684
2761,0.5994,0.9607
2762,0.25,-0.4053
2763,0.7906,0.854
2764,0.3818,-0.1181
2765,0.6801,0.9325
2766,0.0,-0.9062
2767,0.0,-0.6705
2768,0.4404,0.9702
2769,0.8126,0.9985
2770,0.1027,0.957
2771,0.5859,0.9002
2772,0.0,0.4939
2773,0.0,-0.6548
2774,0.5267,0.9371
2775,-0.7178,-0.984
2776,0.0,-0.8377
2777,0.4019,0.891
2778,-0.25,0.7359
2779,-0.4767,-0.4767
2780,0.34,-0.2716
2781,0.2732,0.9403
2782,0.0,-0.1779
2783,0.2732,0.9582
2784,0.6486,-0.2135
2785,0.7269,0.2023
2786,0.0,-0.0633
2787,0.4215,-0.5423
2788,-0.9387,-0.891
2789,0.128,0.9694
2790,0.0,0.7579
2791,-0.0516,-0.2732
2792,-0.128,0.2732
2793,-0.7184,0.228
2794,0.0,0.7351
2795,0.0,0.25
2796,0.296,0.4939
2797,0.4588,0.9674
2798,-0.1027,-0.9062
2799,0.4404,0.8934
2800,-0.3612,0.976
2801,-0.2924,0.8126
2802,-0.2023,0.1027
2803,-0.0164,0.6597
2804,-0.0,-0.9116
2805,-0.1001,0.9433
2806,-0.4215,-0.9919
2807,0.2732,0.9929
2808,0.4767,0.7717
2809,0.0,0.296
2810,0.0,0.9896
2811,0.3182,0.5267
2812,0.7003,-0.0772
2813,-0.2263,0.2732
2814,-0.4215,0.9485
2815,-0.296,0.6124
2816,0.3612,0.961
2817,0.7783,0.6538
2818,0.0,0.7506
2819,-0.6369,-0.0258
2820,-0.3612,0.6681
2821,0.0,-0.0258
2822,0.1779,0.9823
2823,0.2023,-0.6712
2824,-0.5423,0.6538
2825,-0.4019,-0.7783
2826,0.1779,0.2652
2827,-0.8271,-0.2774
2828,0.4588,0.936
2829,0.0,0.7102
2830,0.7047,0.987
2831,0.2263,0.8957
2832,0.2263,0.0
2833,0.4939,0.7351
2834,0.1531,0.8126
2835,0.0,0.9505
2836,0.0258,-0.845
2837,0.3879,0.6705
2838,0.4215,-0.4215
2839,0.0,0.3182
2840,-0.4019,-0.9747
2841,0.3818,-0.4005
2842,0.0,0.6908
2843,-0.1027,-0.9062
2844,-0.3086,0.2989
2845,-0.2263,0.9734
2846,0.2732,0.9582
2847,0.4019,0.7287
2848,0.6486,0.9911
2849,0.0,0.9914
2850,0.0772,-0.9615
2851,0.296,0.3697
2852,0.34,0.296
2853,0.25,-0.1027
2854,0.0,0.7845
2855,0.0,0.8771
2856,0.4939,0.291
2857,0.3182,0.4939
2858,-0.2732,0.8481
2859,0.7269,0.8247
2860,0.6486,0.9576
2861,-0.3612,0.6249
2862,-0.25,-0.9837
2863,0.4522,0.9702
2864,0.4215,-0.9442
2865,0.0,0.9568
2866,0.2263,0.9472
2867,0.4215,0.4767
2868,0.0,0.743
2869,-0.4588,-0.8248
2870,-0.6908,-0.8957
2871,0.128,0.9442
2872,-0.5106,0.3612
2873,-0.5267,-0.9578
2874,-0.3612,-0.9718
2875,0.5574,-0.5906
2876,0.0,0.8689
2877,0.0,0.9674
2878,0.7096,0.8542
2879,-0.4019,0.7964
2880,0.8316,0.9795
2881,0.8779,0.4417
2882,0.3612,0.9943
2883,0.4588,0.9628
2884,0.0258,0.9516
2885,0.2732,0.991
2886,-0.296,-0.9927
2887,0.4588,0.7717
2888,0.0,0.9524
2889,0.0,0.9501
2890,0.7003,0.986
2891,-0.5423,-0.9739
2892,-0.7845,0.9146
2893,0.4404,0.886
2894,0.34,0.9817
2895,0.34,0.9794
2896,0.3182,0.7845
2897,0.5106,0.9839
2898,-0.3818,0.9663
2899,0.0,0.5423
2900,0.6808,0.8225
2901,-0.81,0.2665
2902,0.4019,0.3384
2903,0.8481,0.9022
2904,0.5261,-0.8811
2905,-0.2023,0.0
2906,-0.4019,0.8778
2907,-0.3612,0.6249
2908,-0.5719,0.9267
2909,0.0,-0.4012
2910,0.3818,0.9804
2911,0.0258,0.2724
2912,0.6007,-0.6956
2913,0.1531,0.9661
2914,-0.296,0.9433
2915,0.4767,-0.1779
2916,0.7817,0.9964
2917,-0.5574,0.4588
2918,-0.1531,0.5994
2919,-0.6597,0.9729
2920,-0.7152,0.5927
2921,0.0,0.9864
2922,0.0,0.8689
2923,0.0,0.6361
2924,0.3612,0.9704
2925,-0.25,0.4145
2926,0.0,0.9493
2927,0.0,0.899
2928,0.0,0.9942
2929,0.4019,0.7964
2930,-0.128,0.9965
2931,0.4215,0.6908
2932,0.4754,0.9378
2933,-0.1027,0.1027
2934,-0.3612,0.9161
2935,0.0516,0.7995
2936,0.0,0.9759
2937,0.4588,0.9628
2938,0.4588,0.9628
2939,0.6249,0.9035
2940,-0.296,0.9261
2941,-0.1796,0.9632
2942,0.5574,-0.0258
2943,0.2732,0.9856
2944,0.128,-0.9318
2945,-0.5975,0.8862
2946,0.4588,-0.6267
2947,0.1935,-0.3921
2948,-0.6705,0.7761
2949,0.0,0.9871
2950,-0.0258,0.4939
2951,-0.6597,-0.7571
2952,-0.3321,0.9742
2953,0.0609,-0.3353
2954,0.886,0.5267
2955,0.6597,0.6486
2956,0.886,0.9992
2957,0.0,0.7003
2958,0.296,-0.0511
2959,-0.296,-0.3818
2960,0.5574,0.9764
2961,-0.4019,0.7845
2962,0.4019,0.765
2963,-0.6701,0.9678
2964,0.8689,0.8791
2965,0.4588,-0.9337
2966,0.1779,0.7431
2967,0.6249,0.7351
2968,0.0,0.1154
2969,0.1779,0.8934
2970,0.1531,0.9866
2971,-0.5994,-0.9169
2972,-0.128,0.9744
2973,-0.936,-0.9895
2974,0.3818,0.7543
2975,0.4404,0.9793
2976,0.1779,-0.9276
2977,0.0,-0.4215
2978,0.7003,0.9907
2979,0.7845,0.9944
2980,0.0,0.9925
2981,-0.4939,-0.2255
2982,-0.5574,0.8516
2983,0.0,-0.4588
2984,0.1027,0.7903
2985,0.0,0.3716
2986,0.3818,-0.7717
2987,0.4939,-0.0945
2988,0.3818,-0.419
2989,0.0,0.0
2990,0.0,0.9786
2991,0.3612,0.9704
2992,0.296,0.4019
2993,0.8519,0.9844
2994,0.4588,0.357
2995,-0.3818,0.1154
2996,0.8496,0.9815
2997,0.3182,-0.9231
2998,0.4588,0.9951
2999,-0.8591,-0.9601
3000,-0.765,-0.2023
3001,0.6369,0.9952
3002,0.3612,-0.4547
3003,-0.5267,-0.9596
3004,0.7003,0.9771
3005,-0.4019,0.9337
3006,-0.2732,0.9544
3007,0.5423,-0.5226
3008,-0.7096,0.672
3009,-0.6808,-0.9216
3010,0.34,0.8271
3011,0.0,0.4027
3012,-0.6124,-0.7906
3013,0.0,0.0
3014,-0.6705,0.4497
3015,0.4404,-0.0516
3016,0.296,-0.8147
3017,0.0,-0.6187
3018,0.0754,0.8074
3019,-0.7346,0.9665
3020,0.25,0.4767
3021,-0.7684,-0.8217
3022,0.7184,0.9891
3023,0.8979,0.9945
3024,0.0,0.5994
3025,0.4215,-0.9161
3026,0.5574,0.6808
3027,0.128,0.9917
3028,0.0,0.9928
3029,0.1779,0.9781
3030,0.1027,0.7903
3031,0.2732,0.093
3032,0.4767,0.7506
3033,0.2023,0.8056
3034,0.5729,0.9696
3035,-0.4215,0.1725
3036,0.4215,-0.8435
3037,-0.2263,0.9832
3038,0.0,-0.5719
3039,0.4215,0.25
3040,0.2732,0.6358
3041,0.4404,0.796
3042,0.1779,-0.2732
3043,0.5574,0.6183
3044,0.1027,0.9848
3045,0.743,0.9882
3046,0.6784,0.9604
3047,0.5106,0.9568
3048,0.5106,0.9403
3049,0.4767,0.9935
3050,0.25,0.9912
3051,0.0,-0.3612
3052,0.743,0.9388
3053,-0.1027,0.9604
3054,0.9371,0.0
3055,0.1779,-0.0258
3056,0.5994,0.967
3057,0.0516,-0.8182
3058,0.0,-0.0772
3059,-0.8625,0.5051
3060,0.296,-0.6369
3061,0.5423,0.5859
3062,-0.6808,-0.9216
3063,0.4939,0.9022
3064,-0.1027,0.9915
3065,0.0,-0.886
3066,0.0,0.9136
3067,0.0,0.9264
3068,0.4215,0.1531
3069,-0.4019,-0.8172
3070,0.6187,0.91
3071,-0.2263,0.8939
3072,0.6124,0.9758
3073,0.765,0.5316
3074,0.5423,0.7351
3075,-0.1531,0.9967
3076,0.4019,0.6808
3077,0.6124,0.3818
3078,0.5423,0.984
3079,0.4767,0.3612
3080,0.6908,0.9926
3081,0.4767,0.9709
3082,0.0,0.8886
3083,0.4215,-0.8243
3084,0.2263,-0.3833
3085,0.7906,0.9803
3086,0.2617,0.9908
3087,0.7269,0.9638
3088,0.7506,0.9595
3089,-0.6597,0.6501
3090,0.4019,0.2732
3091,-0.34,-0.939
3092,0.128,0.8979
3093,-0.2263,-0.7783
3094,0.0772,-0.5574
3095,0.1779,0.9698
3096,0.0,0.9688
3097,0.0,0.2323
3098,0.3818,0.3182
3099,0.0,-0.5267
3100,-0.25,-0.7432
3101,-0.3182,0.7845
3102,0.3818,0.9937
3103,0.1027,0.7912
3104,0.296,0.85
3105,0.6249,0.8402
3106,-0.8625,0.5051
3107,-0.8271,0.955
3108,-0.6249,0.9576
3109,0.0,0.8271
3110,0.4404,0.5267
3111,-0.8126,-0.8934
3112,0.2023,0.6705
3113,-0.3182,-0.0516
3114,0.5106,0.9797
3115,0.2732,0.6358
3116,0.0516,0.0
3117,0.0,0.2263
3118,0.2617,0.9908
3119,-0.5267,-0.8271
3120,0.7351,0.4588
3121,-0.2263,-0.7783
3122,0.1531,0.9801
3123,0.0,0.9462
3124,0.0,-0.8735
3125,0.0516,0.9716
3126,0.7579,0.9499
3127,0.4215,0.3182
3128,0.0,0.9462
3129,0.4215,-0.5574
3130,0.2617,0.9908
3131,0.0,-0.765
3132,-0.1779,0.8674
3133,0.6997,0.7906
3134,-0.1779,0.2563
3135,0.6369,0.6124
3136,0.34,0.4118
3137,0.0,0.8316
3138,-0.2732,0.0129
3139,0.5574,0.9565
3140,0.0258,0.8126
3141,0.4019,0.9912
3142,0.7506,0.2483
3143,0.7003,0.9645
3144,-0.8126,-0.9914
3145,0.2732,0.9982
3146,0.7783,0.9081
3147,0.0,0.9239
3148,0.0,0.9442
3149,0.0,0.9955
3150,-0.2263,-0.9679
3151,0.6486,0.9819
3152,0.1779,0.9655
3153,0.743,0.9847
3154,0.6997,0.7906
3155,-0.8126,-0.9153
3156,0.7845,0.34
3157,0.0,0.9477
3158,-0.6369,0.6176
3159,0.0,0.9917
3160,0.4019,0.9474
3161,0.0,0.9287
3162,0.0,0.0
3163,0.2732,0.128
3164,-0.5267,0.7506
3165,0.7184,0.7845
3166,0.0,0.7845
3167,0.2263,-0.5707
3168,0.0,0.1464
3169,0.0772,0.9761
3170,-0.25,-0.9826
3171,-0.7184,-0.1531
3172,-0.2023,0.0516
3173,-0.2023,0.9212
3174,0.8316,0.9801
3175,0.0,0.6597
3176,0.5719,0.0258
3177,-0.3824,0.7003
3178,0.7783,0.6597
3179,0.0018,0.5719
3180,0.2263,-0.5781
3181,-0.34,0.9875
3182,-0.09,-0.719
3183,0.0,0.9387
3184,0.7845,0.963
3185,0.4939,0.5723
3186,0.4767,0.9493
3187,0.5106,0.9939
3188,0.5106,0.9961
3189,-0.0258,0.9935
3190,-0.1779,0.9901
3191,-0.1779,0.9916
3192,0.2144,0.9396
3193,0.0276,0.99
3194,0.6428,0.9859
3195,-0.7783,0.6808
3196,-0.296,-0.6705
3197,0.1531,0.9681
3198,-0.9169,-0.8629
3199,0.0,0.3333
3200,0.0,-0.5719
3201,0.4019,0.9752
3202,0.6369,0.989
3203,0.25,0.6486
3204,-0.4767,0.0268
3205,-0.3182,0.9884
3206,0.6369,0.9984
3207,-0.5859,0.8625
3208,0.891,0.9729
3209,0.128,-0.8674
3210,-0.4404,0.7566
3211,0.2732,0.9904
3212,-0.3662,-0.5255
3213,-0.3612,-0.8717
3214,0.7783,0.9509
3215,-0.296,-0.8689
3216,-0.3182,0.2263
3217,0.0,0.6124
3218,0.0,0.9614
3219,0.1779,0.2732
3220,0.0,0.4215
3221,0.1531,0.34
3222,0.5867,0.6249
3223,-0.8074,-0.7666
3224,-0.3612,0.4588
3225,0.6705,0.8211
3226,-0.7184,-0.9053
3227,-0.5267,-0.9789
3228,-0.7003,-0.9137
3229,-0.6808,0.0772
3230,0.0,0.6735
3231,-0.4404,-0.6458
3232,0.6997,0.9897
3233,0.1531,0.5586
3234,0.802,0.9953
3235,0.296,0.969
3236,-0.5106,0.9712
3237,0.3612,0.9729
3238,0.5859,0.969
3239,0.5859,0.969
3240,0.1027,0.9246
3241,-0.3182,0.6815
3242,0.0,0.5423
3243,-0.6124,0.8932
3244,0.4019,0.9869
3245,0.2732,0.9929
3246,0.6124,0.765
3247,0.4404,0.9835
3248,0.128,0.6808
3249,-0.3818,0.9201
3250,-0.3818,0.9841
3251,-0.7351,0.6842
3252,-0.4215,-0.765
3253,0.0,0.8595
3254,-0.4939,-0.9458
3255,-0.0516,0.5859
3256,-0.34,0.9816
3257,0.6124,0.7595
3258,-0.4019,-0.4276
3259,-0.4215,0.9062
3260,0.128,-0.9525
3261,0.8271,0.9337
3262,0.2263,0.9514
3263,0.2732,0.1027
3264,-0.5106,0.9559
3265,0.0516,0.8557
3266,-0.25,0.2944
3267,0.5233,-0.5932
3268,-0.4019,-0.4588
3269,-0.5267,-0.9408
3270,0.5423,0.7717
3271,-0.296,-0.25
3272,0.7269,0.7407
3273,0.0772,0.4486
3274,-0.0258,0.9821
3275,-0.7783,-0.93
3276,-0.8166,-0.7381
3277,0.6124,0.9217
3278,0.6808,0.9898
3279,0.6705,0.9274
3280,0.5106,0.9095
3281,0.0,0.0
3282,0.6705,0.9422
3283,-0.5106,-0.4588
3284,0.2893,-0.6136
3285,-0.34,-0.296
3286,-0.5859,0.7964
3287,-0.8094,-0.7962
3288,0.4449,0.0772
3289,0.6486,0.8363
3290,0.2023,-0.4391
3291,0.0,-0.25
3292,-0.6124,-0.9698
3293,-0.3182,-0.4939
3294,-0.2732,0.7081
3295,0.5574,0.7582
3296,-0.1027,0.9975
3297,0.4767,0.9682
3298,0.128,0.0258
3299,-0.0772,-0.883
3300,0.3182,-0.8914
3301,-0.6808,-0.8126
3302,0.0,0.9413
3303,-0.4215,0.8689
3304,0.0,0.742
3305,0.2732,0.9217
3306,0.3818,0.9596
3307,0.2732,-0.4767
3308,0.6124,0.5994
3309,0.6249,0.8271
3310,0.5106,0.9914
3311,-0.1027,0.6812
3312,-0.5393,0.9748
3313,-0.3182,-0.0176
3314,-0.128,0.7269
3315,0.0,0.6808
3316,0.4019,0.802
3317,0.6119,-0.9823
3318,-0.25,0.2944
3319,0.3818,0.2263
3320,-0.4767,0.9736
3321,0.5859,0.872
3322,-0.3818,0.9976
3323,-0.1027,0.9927
3324,-0.3818,0.9976
3325,-0.5859,0.3437
3326,0.1779,-0.483
3327,0.1779,-0.4201
3328,0.2732,0.0
3329,0.8442,0.9886
3330,-0.2732,0.25
3331,-0.4939,0.296
3332,0.0,0.9914
3333,0.0129,-0.3818
3334,-0.1779,0.4481
3335,0.1149,-0.4251
3336,0.0,-0.6843
3337,0.6369,0.6065
3338,-0.4588,-0.8622
3339,-0.2732,-0.629
3340,0.2263,-0.9615
3341,-0.3182,-0.2975
3342,0.296,0.6244
3343,0.2584,0.9863
3344,0.6059,-0.8946
3345,-0.4215,0.9432
3346,0.6486,0.9848
3347,0.0,0.9745
3348,0.0,0.847
3349,0.6124,0.9866
3350,-0.3182,-0.7867
3351,0.0772,0.8781
3352,-0.5994,0.9911
3353,-0.128,-0.7707
3354,0.3818,0.1796
3355,0.4404,0.9693
3356,-0.1027,0.1699
3357,-0.7184,-0.9496
3358,0.0258,-0.8687
3359,-0.21,0.9687
3360,-0.8074,-0.8555
3361,-0.4019,0.7024
3362,0.5994,0.9819
3363,0.3182,-0.8985
3364,0.296,0.9552
3365,0.296,0.4927
3366,-0.0644,-0.6597
3367,-0.5423,-0.9484
3368,0.296,0.9152
3369,0.7096,0.968
3370,0.296,0.9821
3371,0.3818,0.9773
3372,0.4678,0.9904
3373,0.128,0.988
3374,0.0498,-0.9864
3375,0.7351,0.9734
3376,0.0,0.9745
3377,-0.3818,-0.9789
3378,0.4767,0.9897
3379,0.0772,0.8781
3380,-0.0772,0.9217
3381,-0.1779,0.9954
3382,-0.4019,0.6808
3383,0.4939,-0.91
3384,-0.6705,-0.9838
3385,-0.3182,-0.9743
3386,-0.3182,-0.381
3387,0.5106,0.9246
3388,-0.1779,0.9756
3389,0.0,-0.9555
3390,-0.4939,-0.9292
3391,-0.3612,0.9638
3392,0.765,0.5859
3393,0.7579,0.4118
3394,0.4588,0.9342
3395,0.4588,0.7845
3396,0.0516,0.9684
3397,-0.8176,-0.7968
3398,-0.8176,-0.7968
3399,-0.2263,-0.4767
3400,-0.7845,0.9925
3401,-0.8481,-0.9264
3402,-0.5423,-0.9484
3403,0.296,0.9849
3404,0.296,0.9152
3405,0.0,-0.6756
3406,0.3291,0.989
3407,0.3182,-0.3182
3408,0.5267,0.9545
3409,0.8402,0.8555
3410,0.8126,0.996
3411,0.7717,0.9618
3412,-0.4939,0.9878
3413,0.5994,-0.4588
3414,-0.128,0.3881
3415,0.296,0.8834
3416,-0.7269,-0.639
3417,0.3612,0.9501
3418,0.4767,0.0
3419,0.2006,-0.0208
3420,-0.2263,0.9604
3421,-0.4019,-0.6705
3422,-0.3566,0.9543
3423,0.5789,0.9166
3424,0.34,0.9843
3425,0.1027,-0.9497
3426,-0.4215,-0.8733
3427,0.0,0.9955
3428,0.0258,0.765
3429,0.0,0.0
3430,-0.9136,0.8268
3431,0.2732,-0.6418
3432,-0.0516,0.9899
3433,0.4215,0.9836
3434,0.5859,-0.7869
3435,0.2382,0.9715
3436,0.4939,0.8496
3437,-0.4188,-0.9269
3438,-0.2617,0.883
3439,-0.296,0.7906
3440,0.0,0.802
3441,0.0,0.7096
3442,0.1531,0.9645
3443,-0.7096,0.9716
3444,-0.3818,0.6069
3445,0.7096,0.9609
3446,0.5023,0.981
3447,-0.6124,-0.7972
3448,0.4019,0.9874
3449,0.1901,0.9944
3450,0.5574,0.8592
3451,0.6808,0.6705
3452,-0.4588,0.2019
3453,-0.743,-0.2144
3454,0.0,0.8151
3455,0.4939,0.6249
3456,-0.3818,0.426
3457,0.765,0.9177
3458,0.7096,0.9849
3459,0.3818,0.836
3460,0.1531,0.8658
3461,0.7096,0.9849
3462,0.4588,-0.9347
3463,0.5423,0.894
3464,-0.631,-0.0516
3465,-0.7269,-0.875
3466,0.3182,-0.9848
3467,0.3818,0.7837
3468,0.5574,-0.6705
3469,0.4215,0.7391
3470,0.296,0.9423
3471,0.8074,0.9971
3472,0.6808,0.4767
3473,0.7003,0.9967
3474,-0.2263,-0.4019
3475,0.8221,0.9411
3476,0.1027,0.0516
3477,0.1027,0.701
3478,0.296,-0.6705
3479,0.0,0.8885
3480,-0.34,0.9692
3481,0.6258,0.836
3482,-0.6705,-0.8085
3483,-0.4767,0.8205
3484,0.2732,0.2023
3485,0.0,0.2263
3486,0.4215,0.7785
3487,0.1531,0.4215
3488,0.6249,0.9287
3489,0.296,0.5113
3490,-0.5267,0.4215
3491,-0.6124,-0.6131
3492,0.0,0.7715
3493,0.3626,-0.4576
3494,0.7783,0.9552
3495,0.34,-0.2617
3496,-0.6705,0.4215
3497,0.0,-0.4576
3498,0.3612,0.9564
3499,-0.886,-0.9395
3500,0.0,0.4019
3501,-0.6124,-0.5203
3502,0.2235,0.0
3503,0.1027,0.6486
3504,0.1531,0.9694
3505,0.5994,0.5574
3506,0.0,0.0258
3507,0.4019,0.0
3508,0.2144,0.9974
3509,0.5251,0.9979
3510,-0.5267,-0.9153
3511,-0.5332,-0.4974
3512,0.7096,0.9849
3513,0.6808,-0.6908
3514,0.3182,-0.9848
3515,0.6369,0.9815
3516,0.6666,-0.2798
3517,0.3182,0.9884
3518,-0.0258,0.9355
3519,0.4404,0.8591
3520,-0.3182,0.9001
3521,-0.4215,0.8872
3522,-0.3612,0.7351
3523,0.2023,0.9571
3524,0.7003,0.9967
3525,0.4588,0.9686
3526,-0.34,0.8591
3527,-0.34,0.7713
3528,0.4588,0.9872
3529,0.3818,0.8644
3530,0.1779,0.9287
3531,-0.0516,-0.9541
3532,0.4019,0.7759
3533,0.296,0.9836
3534,-0.0258,0.9886
3535,0.7003,0.5984
3536,-0.34,0.9692
3537,0.3182,0.9441
3538,0.3832,0.783
3539,-0.8519,-0.9965
3540,-0.0258,-0.9432
3541,0.2023,0.9552
3542,0.0,0.8567
3543,-0.6369,0.9713
3544,0.0,0.9267
3545,0.743,0.8294
3546,0.8271,0.9949
3547,-0.6369,0.993
3548,0.7096,0.1241
3549,0.296,0.9217
3550,0.0258,-0.8658
3551,0.6369,0.296
3552,0.7506,0.9509
3553,0.0,-0.0276
3554,-0.0258,-0.8519
3555,0.0,0.0516
3556,0.0516,0.9606
3557,-0.8555,-0.9746
3558,-0.25,0.0516
3559,0.5423,0.866
3560,-0.7906,-0.9569
3561,0.0258,-0.7017
3562,0.0,0.9531
3563,-0.5267,0.8483
3564,-0.8519,-0.9763
3565,0.0,-0.6013
3566,-0.0,-0.705
3567,-0.1779,0.9033
3568,0.0,0.7783
3569,0.3182,0.7906
3570,-0.7579,0.991
3571,-0.34,0.6369
3572,-0.34,-0.4404
3573,0.0516,0.3818
3574,-0.1027,-0.875
3575,0.0,-0.2263
3576,-0.4005,0.6478
3577,0.7506,0.9907
3578,0.2263,0.4961
3579,-0.1406,-0.9278
3580,0.0772,0.9935
3581,-0.0258,-0.944
3582,-0.2523,0.5408
3583,0.3612,0.7818
3584,-0.2732,0.2033
3585,0.2732,0.9834
3586,0.3182,0.4767
3587,0.0516,0.0
3588,-0.25,-0.871
3589,0.0,0.0
3590,0.3612,-0.3612
3591,0.1779,0.0
3592,0.0,0.9916
3593,0.0258,0.816
3594,-0.3182,0.9596
3595,-0.2732,-0.4773
3596,-0.4215,0.9909
3597,0.6369,0.9978
3598,-0.2732,0.9183
3599,0.0516,0.9606
3600,-0.7351,0.9896
3601,-0.8481,0.9841
3602,-0.7461,-0.8815
3603,-0.5423,0.9957
3604,-0.5719,0.9854
3605,0.5423,0.8357
3606,0.1531,0.8519
3607,-0.128,0.9885
3608,-0.8555,-0.9746
3609,0.3182,0.875
3610,0.3182,0.875
3611,0.4019,0.0
3612,0.4019,-0.5267
3613,0.705,0.9881
3614,0.0,0.9869
3615,0.0,0.296
3616,0.0,0.0
3617,0.6705,0.7906
3618,0.8824,0.9446
3619,-0.2732,-0.8074
3620,-0.6124,-0.9815
3621,-0.6124,-0.9815
3622,-0.5267,0.8483
3623,-0.8834,-0.9222
3624,0.5423,0.8442
3625,0.1027,0.9851
3626,-0.2732,0.9688
3627,0.875,0.6908
3628,-0.2732,-0.9352
3629,0.8122,0.9942
3630,-0.25,-0.4497
3631,-0.5423,0.9761
3632,0.6057,0.9947
3633,0.1027,0.9946
3634,0.4804,0.3324
3635,0.5994,0.9961
3636,0.0,0.9142
3637,-0.4019,0.9414
3638,0.6486,0.5719
3639,-0.296,0.9929
3640,-0.0258,-0.943
3641,-0.357,0.6608
3642,-0.2023,0.7502
3643,0.2263,0.3818
3644,0.4767,0.996
3645,0.4215,0.5423
3646,0.1027,-0.9722
3647,-0.818,-0.9935
3648,0.5994,0.8196
3649,0.0,0.1027
3650,0.0,0.1027
3651,0.128,-0.0
3652,-0.0516,0.4086
3653,-0.34,-0.9801
3654,0.5106,0.7717
3655,0.4939,0.9927
3656,-0.3818,-0.6244
3657,-0.1779,0.892
3658,0.0,0.9902
3659,0.1779,0.0
3660,0.0129,0.994
3661,0.5859,0.9922
3662,0.0,0.7867
3663,0.4019,0.0972
3664,0.1027,0.946
3665,-0.25,-0.0516
3666,0.3612,0.7906
3667,-0.8481,0.9841
3668,-0.5423,0.9957
3669,0.8847,0.9953
3670,0.6808,0.975
3671,-0.5719,0.4767
3672,-0.4404,0.5249
3673,0.5859,0.8772
3674,0.2612,0.9591
3675,0.886,0.991
3676,0.6494,0.9933
3677,-0.4588,0.1032
3678,-0.1027,0.9837
3679,0.7783,0.296
3680,-0.25,0.8102
3681,-0.5423,0.9761
3682,0.6486,0.9928
3683,0.0,0.5719
3684,0.0258,0.987
3685,0.0,-0.8151
3686,0.0,0.989
3687,0.5423,0.9964
3688,-0.4019,0.5994
3689,-0.296,0.9962
3690,-0.2732,0.9403
3691,0.0085,0.7489
3692,-0.296,0.9929
3693,-0.4215,-0.9557
3694,-0.7351,-0.9861
3695,-0.3818,0.9876
3696,-0.5574,-0.3182
3697,0.1901,0.9923
3698,0.2263,0.9942
3699,0.5187,0.9907
3700,-0.0516,0.743
3701,0.0,0.9739
3702,0.4767,0.9485
3703,0.0,-0.8338
3704,0.3612,0.9055
3705,-0.7346,0.6314
3706,0.5859,0.9922
3707,0.8126,0.5367
3708,0.5267,-0.2951
3709,0.5267,0.9738
3710,0.875,0.7807
3711,-0.296,0.9962
3712,0.4767,0.9877
3713,0.4019,0.296
3714,0.2612,0.9591
3715,0.2612,0.9591
3716,0.3612,0.9803
3717,-0.7152,-0.7778
3718,0.0,-0.8338
3719,0.0,-0.8338
3720,0.6124,0.9959
3721,0.0,0.4588
3722,0.6908,0.1027
3723,0.6486,0.6946
3724,0.2023,0.863
3725,-0.5267,0.9318
3726,0.1027,0.9872
3727,0.34,0.9913
3728,0.5106,0.9001
3729,-0.34,0.631
3730,-0.4678,0.9923
3731,0.128,0.796
3732,0.34,0.9616
3733,-0.6486,0.8523
3734,0.6267,0.9393
3735,0.2263,0.7677
3736,-0.0258,-0.9403
3737,0.34,0.5423
3738,0.6124,0.8591
3739,-0.2023,-0.9771
3740,0.5187,0.5537
3741,0.0258,0.9755
3742,-0.1027,-0.8647
3743,-0.6249,-0.8807
3744,-0.4019,-0.9694
3745,0.5574,0.9781
3746,0.0772,0.7959
3747,0.4939,0.9585
3748,0.5106,0.3254
3749,-0.0258,0.8779
3750,0.5423,0.9841
3751,-0.1415,-0.514
3752,0.296,0.6652
3753,0.0,0.1655
3754,0.5267,0.9964
3755,-0.1513,0.6983
3756,0.3818,0.6597
3757,0.0,0.9969
3758,-0.5423,-0.4939
3759,0.2263,0.9467
3760,-0.0516,0.9895
3761,0.8402,0.5302
3762,0.6369,0.8402
3763,-0.34,0.9941
3764,-0.8555,-0.8974
3765,0.0,-0.7085
3766,0.0,-0.25
3767,0.0,0.9893
3768,0.5423,0.8247
3769,0.8689,0.891
3770,0.5574,0.9916
3771,0.6486,0.9915
3772,0.4939,0.945
3773,-0.4767,-0.8523
3774,0.2023,0.6249
3775,0.4588,0.9949
3776,0.5106,0.8316
3777,-0.8268,-0.9929
3778,-0.6808,-0.8462
3779,0.4106,0.961
3780,0.7096,-0.9832
3781,-0.6486,0.8339
3782,0.3182,0.9345
3783,-0.2617,0.9904
3784,-0.1531,0.9933
3785,-0.5574,-0.8557
3786,0.0,-0.9402
3787,0.2023,0.9964
3788,0.0,0.8481
3789,-0.3818,0.88
3790,-0.2023,-0.9652
3791,0.4215,0.9598
3792,-0.2732,0.6949
3793,-0.4767,0.876
3794,0.0,0.3612
3795,0.3818,0.0844
3796,-0.3263,0.4025
3797,-0.0258,-0.3612
3798,0.1354,-0.8536
3799,0.4215,-0.9293
3800,0.6597,0.9972
3801,0.0,-0.5106
3802,0.0,-0.1531
3803,0.7574,0.9919
3804,0.1027,0.1663
3805,0.8176,0.9965
3806,0.5859,0.7906
3807,0.0516,0.9885
3808,0.0,0.9948
3809,0.296,-0.5574
3810,0.1779,0.9796
3811,0.6908,0.7755
3812,0.0258,0.6705
3813,-0.5994,-0.9966
3814,0.7351,0.9477
3815,0.0,0.0
3816,0.296,0.9524
3817,0.0,-0.3182
3818,0.6369,0.9952
3819,-0.5423,-0.4939
3820,0.2023,0.2023
3821,-0.1027,-0.8705
3822,-0.2023,0.945
3823,-0.5267,-0.4215
3824,0.296,-0.3818
3825,-0.2732,-0.7281
3826,0.1803,-0.7269
3827,-0.2732,-0.891
3828,0.0772,-0.5423
3829,0.4588,0.9943
3830,0.0,0.2263
3831,0.34,-0.9246
3832,0.8176,0.959
3833,0.0,0.91
3834,0.7506,0.9571
3835,0.0258,0.9765
3836,-0.128,-0.8869
3837,0.0498,0.128
3838,-0.128,0.25
3839,0.743,-0.8569
3840,0.2755,0.9888
3841,0.0,0.9756
3842,0.3818,0.3818
3843,0.4215,0.6514
3844,-0.7845,-0.9282
3845,-0.4215,0.4135
3846,0.1354,-0.8536
3847,0.0,0.9553
3848,0.2382,-0.753
3849,0.3818,-0.1263
3850,0.0,0.8074
3851,-0.5574,0.9411
3852,0.128,0.7311
3853,-0.2263,0.8779
3854,0.0,0.0
3855,-0.296,0.7845
3856,-0.6124,0.7178
3857,0.4364,-0.4628
3858,0.8186,0.9431
3859,-0.3197,-0.7828
3860,0.1779,0.2283
3861,-0.0258,0.8912
3862,-0.6908,-0.25
3863,-0.2732,0.5423
3864,-0.2732,0.0543
3865,0.4703,0.4588
3866,0.0,-0.0258
3867,0.7096,0.9898
3868,0.4404,0.9456
3869,-0.5574,-0.7166
3870,-0.7579,0.9945
3871,0.2144,0.9794
3872,0.0,0.9161
3873,-0.7579,0.9408
3874,-0.8779,0.9082
3875,-0.7814,-0.9472
3876,0.0,-0.6542
3877,0.4767,0.9598
3878,0.296,0.7987
3879,-0.6705,0.4603
3880,-0.5423,0.9965
3881,0.3182,-0.1531
3882,-0.5106,-0.7184
3883,0.8779,0.9652
3884,0.6908,0.9903
3885,0.7845,-0.8074
3886,-0.2144,0.9806
3887,-0.5859,0.8555
3888,0.4215,-0.9846
3889,-0.2263,0.0
3890,0.2263,-0.4003
3891,0.0,0.5859
3892,-0.3182,0.8957
3893,0.8503,0.6124
3894,-0.7213,0.9742
3895,-0.4019,-0.891
3896,0.0,0.9718
3897,0.7579,0.8885
3898,-0.1054,0.9633
3899,0.7184,0.9484
3900,0.024,-0.8126
3901,0.4019,0.975
3902,0.2732,0.4767
3903,-0.7096,0.0
3904,0.0,0.7181
3905,0.25,0.3191
3906,-0.0258,-0.9403
3907,0.5994,0.975
3908,0.0,0.9785
3909,0.0,-0.4588
3910,0.5267,-0.9445
3911,-0.7096,-0.9608
3912,0.4215,0.9331
3913,-0.296,0.8529
3914,0.5023,0.9909
3915,0.2023,0.726
3916,-0.34,0.9793
3917,0.5927,0.952
3918,0.4588,0.9786
3919,-0.5423,0.9756
3920,0.2144,0.9794
3921,0.2732,0.4939
3922,0.4939,0.9655
3923,0.0,0.9583
3924,0.6858,0.0763
3925,0.128,0.4946
3926,-0.296,0.9934
3927,-0.5994,0.3964
3928,-0.296,0.7003
3929,-0.8516,-0.8625
3930,0.5267,0.9773
3931,-0.25,-0.8591
3932,0.0,0.2263
3933,-0.3182,-0.6854
3934,0.6369,-0.98
3935,0.7906,0.9932
3936,0.7906,0.9791
3937,0.0129,0.9945
3938,-0.4108,0.9299
3939,0.4215,0.9776
3940,0.0258,-0.9595
3941,-0.7322,-0.9803
3942,-0.7717,0.8363
3943,0.4767,0.9246
3944,-0.2728,0.9747
3945,0.7184,0.611
3946,0.0,0.0
3947,-0.2023,-0.9805
3948,0.0,0.9011
3949,0.128,0.9231
3950,-0.3182,0.4464
3951,-0.0516,0.9432
3952,0.7717,0.9442
3953,0.0258,0.85
3954,-0.4588,0.4019
3955,-0.6249,-0.128
3956,0.2732,0.8271
3957,-0.1027,0.9004
3958,0.5267,0.0
3959,0.6705,0.296
3960,0.6597,-0.6837
3961,0.2263,0.0
3962,0.0516,0.8689
3963,0.1531,0.3716
3964,-0.5574,0.7178
3965,0.7506,0.7672
3966,-0.4919,-0.0711
3967,0.5859,0.2263
3968,0.0,-0.2491
3969,0.6705,0.9186
3970,0.2263,0.2263
3971,-0.5267,0.0
3972,0.6808,0.2263
3973,0.0,0.0
3974,0.0,0.1779
3975,0.3182,0.9966
3976,0.4404,0.4404
3977,-0.4767,-0.9095
3978,0.5859,-0.6119
3979,0.4588,0.9764
3980,0.6463,0.3599
3981,-0.3612,-0.8225
3982,0.2023,0.7178
3983,0.7506,0.7672
3984,-0.4919,-0.0711
3985,-0.09,-0.9564
3986,-0.6486,0.6259
3987,-0.2263,-0.9244
3988,0.0,0.8689
3989,-0.6858,-0.9042
3990,0.0,-0.4939
3991,0.2023,0.7125
3992,0.2732,0.2263
3993,0.4019,0.9936
3994,0.7906,0.4139
3995,0.4939,0.296
3996,0.4754,0.9574
3997,-0.5719,-0.9889
3998,0.4404,0.9657
3999,0.25,0.8807
4000,0.7964,0.9442
4001,0.5859,0.9552
4002,-0.1531,0.9333
4003,0.6369,-0.9652
4004,-0.8271,-0.9638
4005,0.5719,-0.91
4006,0.4939,-0.3182
4007,-0.8357,-0.4278
4008,-0.4404,0.9947
4009,0.0,0.8402
4010,-0.7964,-0.8651
4011,0.0258,0.8134
4012,0.8555,0.9932
4013,-0.2732,0.7506
4014,-0.1154,0.4767
4015,-0.4939,0.8101
4016,0.4767,0.9826
4017,0.4215,0.987
4018,0.0,0.8986
4019,0.0557,-0.4019
4020,0.0,0.8316
4021,-0.6705,0.8806
4022,-0.128,0.9826
4023,0.2263,0.7677
4024,0.6808,0.0
4025,0.7089,0.0
4026,-0.1531,-0.9207
4027,0.2732,0.296
4028,0.4215,0.8979
4029,0.0,0.1779
4030,0.4588,0.8004
4031,-0.0772,0.7783
4032,-0.4215,-0.6705
4033,0.8442,0.9773
4034,0.128,0.0713
4035,0.6597,-0.8545
4036,0.4404,0.8552
4037,-0.5574,0.4773
4038,0.431,0.7993
4039,0.128,0.9325
4040,0.4754,0.9417
4041,0.0,0.4767
4042,0.7351,0.9704
4043,0.2732,0.296
4044,0.7096,0.6411
4045,0.1531,0.5574
4046,0.0,0.0
4047,0.5413,0.9905
4048,0.0,0.5106
4049,0.3818,0.9603
4050,-0.9042,0.5859
4051,0.0,0.7845
4052,-0.3612,0.6486
4053,-0.7845,0.8043
4054,-0.8074,-0.9792
4055,0.5267,0.8281
4056,0.8074,0.8402
4057,0.8236,0.9382
4058,0.0772,0.8818
4059,-0.3818,-0.9324
4060,-0.7906,-0.7917
4061,-0.3612,-0.543
4062,0.0,-0.6433
4063,0.7003,0.9844
4064,0.5423,0.9837
4065,-0.3818,0.9831
4066,0.0,0.913
4067,-0.0772,-0.6249
4068,0.6369,0.9925
4069,0.144,-0.9168
4070,0.7812,0.7003
4071,0.6705,0.4019
4072,-0.4767,-0.3182
4073,0.1779,0.6428
4074,-0.4019,0.9861
4075,0.4215,0.9774
4076,0.6124,0.9859
4077,0.4588,0.9169
4078,0.296,0.743
4079,0.5106,0.9716
4080,0.4588,0.9964
4081,0.4854,0.9917
4082,0.4404,0.8225
4083,0.4939,0.9001
4084,-0.4767,0.2481
4085,0.296,0.8807
4086,0.753,0.9935
4087,0.0,0.1531
4088,0.0,0.4939
4089,0.5106,0.9802
4090,-0.3612,-0.4215
4091,-0.0258,0.9922
4092,0.128,0.9838
4093,-0.3612,0.8987
4094,0.5859,0.9809
4095,-0.7003,0.9523
4096,0.8555,0.9876
4097,-0.743,0.8718
4098,-0.4854,0.9196
4099,-0.1779,0.1531
4100,0.4404,0.7003
4101,0.1531,0.296
4102,0.7096,0.9753
4103,0.0,0.0258
4104,0.0,0.6705
4105,0.2263,0.8686
4106,0.4404,0.9266
4107,0.25,0.9666
4108,-0.3182,0.5106
4109,-0.2732,-0.0722
4110,-0.6249,0.4767
4111,0.5859,0.0268
4112,0.6249,0.9716
4113,-0.0516,-0.9594
4114,0.0,0.8979
4115,-0.1655,-0.5859
4116,-0.2732,0.4588
4117,0.6757,0.9843
4118,0.0,0.1718
4119,0.5574,0.9972
4120,0.0387,0.8919
4121,0.4404,0.959
4122,0.4019,0.9524
4123,0.0772,0.9757
4124,0.0,0.5267
4125,0.3182,0.0258
4126,-0.296,0.9666
4127,0.8357,0.9865
4128,-0.25,0.6369
4129,0.6249,0.9571
4130,0.4215,0.5267
4131,0.6249,0.9905
4132,-0.296,0.2732
4133,0.8316,-0.09
4134,0.2023,0.128
4135,0.3182,0.7096
4136,0.7964,-0.4588
4137,0.3182,0.3612
4138,-0.0772,0.9938
4139,0.0,-0.3422
4140,-0.7906,-0.8834
4141,0.34,0.8957
4142,-0.0772,-0.8109
4143,0.6705,0.8638
4144,0.4754,0.9612
4145,-0.4588,0.5719
4146,-0.296,0.8809
4147,0.6908,0.9545
4148,0.0,0.7668
4149,-0.6249,0.8957
4150,-0.4404,-0.0052
4151,-0.3612,0.9838
4152,-0.1531,0.296
4153,-0.6566,0.977
4154,0.0,0.8176
4155,0.6369,0.9568
4156,0.0,0.765
4157,-0.8194,0.9862
4158,0.6808,0.9687
4159,-0.9127,0.3663
4160,0.0,0.9769
4161,0.6249,0.9715
4162,0.0,0.9926
4163,0.5423,0.9084
4164,0.91,0.9419
4165,-0.9169,-0.8646
4166,0.7282,0.765
4167,0.0334,-0.6757
4168,0.4019,0.8426
4169,-0.1027,0.5927
4170,0.0,0.5859
4171,0.5267,0.9619
4172,0.3919,0.7506
4173,-0.743,-0.8694
4174,0.4404,0.9895
4175,0.5267,0.9831
4176,-0.3612,0.9951
4177,0.4404,0.9411
4178,0.0516,0.9856
4179,0.4019,0.9957
4180,0.0,0.9241
4181,0.875,0.7807
4182,0.6705,0.4019
4183,0.0258,0.9601
4184,0.0,0.8907
4185,0.4168,0.7044
4186,-0.128,0.9844
4187,0.7525,0.9901
4188,0.6808,0.6908
4189,-0.7003,-0.899
4190,-0.872,-0.7351
4191,0.7184,0.9825
4192,-0.6705,0.978
4193,0.5267,0.4497
4194,-0.5719,-0.9663
4195,0.4019,-0.5165
4196,-0.5719,-0.8797
4197,-0.6249,-0.9432
4198,0.4215,0.9864
4199,-0.0772,0.9462
4200,0.0258,-0.7181
4201,0.8225,0.9705
4202,0.3182,0.9861
4203,-0.4019,-0.8559
4204,0.7003,0.8645
4205,0.0,0.9632
4206,-0.5106,0.9743
4207,0.0,0.9042
4208,0.0,0.8313
4209,0.0258,0.9601
4210,-0.25,0.9837
4211,-0.0772,0.9462
4212,0.0258,-0.7181
4213,0.1406,0.3818
4214,0.7151,0.4315
4215,-0.6124,-0.4767
4216,0.8807,0.9457
4217,0.7783,0.9758
4218,-0.5499,-0.5291
4219,0.3818,-0.9795
4220,-0.6124,0.4019
4221,0.5994,0.9973
4222,0.0,0.128
4223,0.4215,0.6908
4224,0.5859,0.8126
4225,-0.4404,-0.2611
4226,0.4404,0.4686
4227,0.4404,-0.6478
4228,-0.5106,0.0258
4229,0.0258,0.9601
4230,-0.6486,0.7966
4231,0.0,0.9769
4232,0.5106,0.2023
4233,0.5574,0.9861
4234,0.0,-0.2492
4235,0.0,-0.882
4236,-0.8555,-0.5267
4237,0.25,0.8577
4238,0.34,0.9927
4239,-0.2732,0.8658
4240,0.6597,0.93
4241,-0.8402,-0.9864
4242,-0.2732,0.2507
4243,0.0,-0.4019
4244,-0.9201,0.9908
4245,0.5267,0.9908
4246,-0.296,0.9942
4247,0.6124,0.8981
4248,0.3182,0.9902
4249,0.8442,0.9201
4250,0.5267,0.959
4251,0.1779,0.3182
4252,0.5267,0.5267
4253,-0.0516,0.0
4254,0.7269,0.765
4255,-0.1779,-0.2023
4256,0.6249,-0.2654
4257,-0.7769,-0.8396
4258,0.0,-0.9694
4259,0.5859,-0.6858
4260,-0.3612,0.8934
4261,0.2263,-0.9462
4262,0.7351,0.9911
4263,0.4228,0.6956
4264,-0.296,-0.2173
4265,0.1027,0.9822
4266,-0.8074,-0.1449
4267,-0.7003,-0.9772
4268,-0.4215,0.4802
4269,0.0,0.9769
4270,-0.6597,-0.8957
4271,-0.1779,-0.539
4272,0.0258,0.2091
4273,-0.4404,0.9578
4274,-0.2144,0.9851
4275,0.7717,0.9891
4276,0.0,0.7906
4277,-0.4404,-0.8091
4278,0.3612,0.802
4279,0.4588,0.9959
4280,0.3612,0.97
4281,-0.25,0.8844
4282,0.0258,0.8847
4283,-0.0772,0.9161
4284,-0.34,-0.836
4285,0.2732,0.9686
4286,-0.9209,-0.9274
4287,0.6808,0.9595
4288,-0.5574,0.7755
4289,0.1935,0.9958
4290,0.296,0.4841
4291,0.0,0.9523
4292,0.0772,0.8393
4293,0.4019,0.8957
4294,0.0,0.802
4295,0.1779,0.9865
4296,-0.4215,0.8735
4297,0.0516,-0.6705
4298,-0.0516,0.0258
4299,0.0258,-0.793
4300,-0.7184,-0.7302
4301,-0.0,0.1331
4302,-0.7184,-0.899
4303,-0.7845,0.9915
4304,0.1027,0.0
4305,-0.1779,0.957
4306,-0.3182,-0.4588
4307,-0.8176,-0.9893
4308,0.4404,0.9761
4309,0.7351,0.9911
4310,0.0,0.8957
4311,-0.5574,-0.3107
4312,-0.7184,-0.6055
4313,-0.872,0.2023
4314,-0.5106,-0.6462
4315,-0.0772,0.8848
4316,0.2825,-0.5943
4317,0.0,0.7579
4318,0.0,-0.4019
4319,-0.128,-0.8658
4320,0.1027,-0.5187
4321,-0.3182,0.5647
4322,0.4404,0.0516
4323,0.4215,0.8506
4324,0.2023,-0.9781
4325,0.4215,0.5423
4326,0.4939,0.9823
4327,0.5994,0.0772
4328,0.8925,0.9954
4329,0.628,-0.2807
4330,-0.7096,-0.9725
4331,0.5739,-0.2846
4332,0.0258,-0.9743
4333,-0.6486,-0.5913
4334,-0.7003,-0.2573
4335,-0.128,-0.2263
4336,0.4404,0.6369
4337,-0.4588,-0.9042
4338,0.1027,-0.1027
4339,0.5106,0.9081
4340,0.2023,0.5859
4341,-0.4588,0.9844
4342,0.4588,-0.9003
4343,0.128,-0.0835
4344,-0.5719,-0.9963
4345,-0.6369,-0.5719
4346,0.34,-0.9246
4347,0.0,-0.93
4348,-0.4215,0.0
4349,0.5017,0.785
4350,-0.7783,-0.9739
4351,0.2023,-0.9859
4352,-0.4939,0.9819
4353,-0.25,-0.5574
4354,0.6956,0.9952
4355,-0.2732,0.3612
4356,-0.5647,0.9958
4357,-0.4526,-0.8176
4358,-0.624,0.9817
4359,0.7479,0.9978
4360,0.0,0.1531
4361,-0.3089,0.8515
4362,-0.1548,0.9336
4363,0.7506,0.9638
4364,0.34,-0.9231
4365,0.8225,-0.9353
4366,-0.0258,0.9862
4367,0.8658,0.9855
4368,0.0,0.7543
4369,0.253,-0.858
4370,0.9153,0.2649
4371,0.0,0.9539
4372,0.0772,0.929
4373,0.4215,0.9451
4374,0.4767,0.9892
4375,0.128,0.9787
4376,0.5023,-0.34
4377,0.0,0.7983
4378,0.7269,0.9571
4379,0.0,0.9537
4380,0.4019,-0.9628
4381,0.4019,0.9863
4382,0.0,-0.3612
4383,-0.4526,0.5815
4384,-0.6249,0.8778
4385,0.7506,0.9638
4386,0.0,0.9682
4387,0.5709,0.9685
4388,0.6249,0.9936
4389,-0.2516,0.9756
4390,-0.4019,0.8858
4391,-0.128,-0.9042
4392,0.4019,0.9451
4393,-0.296,0.3034
4394,-0.5994,0.7269
4395,0.0,0.9382
4396,0.7506,0.9815
4397,0.7269,0.93
4398,0.2585,0.4926
4399,0.802,0.9558
4400,0.5106,-0.3299
4401,0.7184,0.9901
4402,0.296,0.9951
4403,0.0,0.9859
4404,-0.2263,0.9807
4405,-0.9136,0.5916
4406,-0.2732,-0.9423
4407,-0.4939,0.9469
4408,-0.7096,-0.6369
4409,-0.0258,-0.9829
4410,0.0,0.9497
4411,-0.7351,0.4598
4412,0.0,0.9628
4413,-0.6597,-0.9731
4414,0.0,0.25
4415,0.6249,0.9925
4416,-0.7096,0.5809
4417,0.3903,0.9897
4418,0.9062,0.988
4419,0.7964,-0.274
4420,0.0,0.9182
4421,-0.2263,0.9886
4422,-0.4404,0.9968
4423,0.7351,0.9872
4424,-0.0,0.9613
4425,0.4854,0.999
4426,-0.802,0.34
4427,-0.296,-0.743
4428,-0.8126,-0.976
4429,0.7124,0.9136
4430,-0.4404,0.8402
4431,0.0,0.9628
4432,-0.6597,-0.9731
4433,0.8225,0.978
4434,-0.471,0.9856
4435,-0.1406,-0.5784
4436,-0.6249,0.7335
4437,-0.7096,0.9886
4438,0.5994,-0.9638
4439,-0.3612,-0.9136
4440,0.0,0.8519
4441,0.0,0.5106
4442,0.4588,0.4404
4443,-0.1154,0.8889
4444,0.5994,0.9716
4445,0.0258,-0.8484
4446,0.3182,0.8271
4447,0.6705,0.8754
4448,0.0258,-0.3612
4449,0.0,-0.6808
4450,0.0,0.9217
4451,0.296,-0.0485
4452,0.0,0.8271
4453,0.4019,-0.3985
4454,0.34,-0.9728
4455,0.2023,-0.9677
4456,-0.2263,0.8225
4457,0.7003,0.9863
4458,0.8807,0.9927
4459,-0.4588,-0.8598
4460,0.0,-0.9313
4461,-0.5859,-0.6428
4462,0.6808,0.9072
4463,0.7269,0.8176
4464,-0.6875,0.8451
4465,0.872,0.8528
4466,0.6908,0.9545
4467,0.6908,0.9919
4468,0.7096,0.9929
4469,-0.3732,-0.9439
4470,0.296,0.9664
4471,0.2023,0.8221
4472,-0.3597,-0.5005
4473,0.3818,0.9275
4474,0.3182,0.9839
4475,0.1779,-0.9744
4476,0.7783,0.9496
4477,0.6808,0.9209
4478,0.6908,0.9749
4479,0.5106,0.9901
4480,0.0,0.9913
4481,0.296,0.4588
4482,0.296,0.9892
4483,0.0,0.0
4484,-0.2732,0.296
4485,-0.4767,0.8402
4486,0.8658,0.9842
4487,0.5719,0.9944
4488,0.0,0.0883
4489,0.4215,0.8751
4490,0.7783,0.9496
4491,-0.2828,-0.9902
4492,-0.2263,0.2144
4493,0.4404,0.4215
4494,0.4404,0.6597
4495,-0.2732,0.9932
4496,0.5106,0.25
4497,0.2732,-0.016
4498,0.0,-0.5838
4499,0.872,0.969
4500,0.4215,0.9961
4501,-0.5423,0.6579
4502,0.0,0.5536
4503,0.4019,0.9784
4504,0.7783,0.9476
4505,0.0,0.6779
4506,0.296,0.0
4507,0.6705,0.9884
4508,-0.25,-0.9513
4509,-0.128,0.9289
4510,0.6249,0.9952
4511,0.0,0.8008
4512,0.5574,0.9694
4513,0.2382,0.9948
4514,-0.0772,0.5267
4515,0.5994,0.9837
4516,0.0,0.9477
4517,-0.25,0.9829
4518,0.8316,0.93
4519,0.4019,-0.9439
4520,-0.4215,0.9928
4521,-0.2023,0.7989
4522,0.4767,0.9042
4523,0.7351,0.9807
4524,0.5267,-0.8375
4525,0.0,0.9177
4526,0.8402,0.9716
4527,0.8658,0.9952
4528,0.34,-0.1236
4529,0.7964,0.9983
4530,0.3182,0.9709
4531,-0.5423,0.6579
4532,0.2023,0.4397
4533,0.6486,0.8926
4534,-0.2732,-0.765
4535,0.128,0.9745
4536,0.5127,0.9831
4537,-0.0754,0.6523
4538,-0.8225,-0.9363
4539,-0.3612,-0.3818
4540,-0.5859,0.866
4541,-0.2263,0.9703
4542,0.1779,0.9042
4543,-0.3182,-0.7778
4544,0.0,-0.1531
4545,0.3041,0.9473
4546,0.7269,0.8225
4547,-0.7351,-0.9705
4548,0.7096,0.8979
4549,0.6059,0.9945
4550,0.7717,0.9562
4551,0.0516,-0.9559
4552,0.743,0.9929
4553,0.7184,0.983
4554,-0.765,0.7291
4555,-0.5267,-0.9828
4556,-0.4767,-0.4767
4557,-0.7269,-0.9898
4558,0.0,0.0396
4559,0.0,-0.6488
4560,0.4019,0.9899
4561,0.0,0.9771
4562,0.6249,0.428
4563,0.4215,-0.1531
4564,0.0,0.6369
4565,0.3182,0.5106
4566,-0.1531,0.9945
4567,0.5789,0.9707
4568,0.8316,0.9964
4569,0.0258,-0.9734
4570,0.4767,-0.0314
4571,0.8779,0.6808
4572,0.8934,0.8442
4573,0.6705,0.9699
4574,-0.4005,-0.4404
4575,-0.5267,-0.7777
4576,-0.8271,-0.8441
4577,0.1779,0.5994
4578,0.7269,0.9913
4579,0.1901,0.5079
4580,0.0,0.2969
4581,-0.5574,0.9799
4582,0.0,0.8776
4583,0.6369,0.9938
4584,0.5413,0.7153
4585,0.5809,0.9947
4586,-0.5859,-0.9955
4587,0.7003,-0.9729
4588,-0.4019,-0.2263
4589,0.5267,0.9692
4590,-0.0199,0.9541
4591,-0.7783,-0.9519
4592,-0.7783,-0.9519
4593,0.0772,0.4404
4594,0.0772,0.5439
4595,0.1531,0.9733
4596,0.5106,0.9652
4597,-0.7579,-0.9881
4598,0.4404,0.9869
4599,0.0,0.8779
4600,0.7845,0.9965
4601,0.0,-0.8992
4602,-0.296,-0.8794
4603,-0.5839,0.2514
4604,0.09,0.9738
4605,0.0,0.8225
4606,0.2023,0.9895
4607,0.6124,0.9936
4608,0.5106,0.9081
4609,-0.4497,0.3291
4610,-0.1531,0.9945
4611,-0.4215,0.9538
4612,0.4939,0.9732
4613,0.7096,0.995
4614,-0.3182,-0.8481
4615,-0.128,0.959
4616,-0.5267,0.9239
4617,0.4215,0.3818
4618,0.7096,0.8934
4619,0.4215,0.9741
4620,0.3612,0.4909
4621,0.8126,0.7964
4622,0.5267,-0.2951
4623,-0.4588,-0.9923
4624,0.3818,-0.8343
4625,0.1779,0.994
4626,0.5859,0.9935
4627,0.296,0.6388
4628,-0.34,0.9874
4629,-0.5994,-0.9841
4630,-0.5423,-0.9336
4631,0.0,0.1779
4632,0.2263,-0.889
4633,0.6124,0.9808
4634,0.8807,0.7506
4635,0.0258,0.7346
4636,-0.2023,-0.0516
4637,0.5558,0.9784
4638,0.5719,0.9958
4639,-0.4144,-0.9712
4640,-0.5719,-0.3182
4641,-0.3818,-0.8793
4642,-0.6486,0.2263
4643,0.5994,0.296
4644,0.0,0.2732
4645,0.1027,0.9978
4646,0.7783,0.9475
4647,0.2732,0.6249
4648,0.34,-0.9246
4649,0.8126,0.9946
4650,0.875,0.9967
4651,0.0,-0.5859
4652,0.0,-0.9666
4653,-0.4033,0.9693
4654,-0.0258,-0.2144
4655,0.3818,0.9694
4656,-0.1779,-0.833
4657,0.5106,0.2732
4658,0.128,0.9682
4659,0.0,0.8807
4660,0.1531,0.9285
4661,0.5574,0.9888
4662,0.7096,-0.7783
4663,0.5106,0.9509
4664,-0.5267,0.9628
4665,0.8126,0.9118
4666,0.8225,0.9349
4667,-0.1655,0.9841
4668,-0.6705,0.9161
4669,0.296,0.5574
4670,0.0516,0.9216
4671,-0.5267,-0.6597
4672,0.0516,-0.9181
4673,-0.4588,-0.9923
4674,0.8271,0.1697
4675,0.2732,0.9811
4676,-0.0258,-0.2951
4677,0.8225,0.9933
4678,0.0,0.8165
4679,0.0,-0.9682
4680,-0.4497,0.8625
4681,-0.1655,0.9841
4682,-0.4215,0.3182
4683,-0.296,0.8847
4684,-0.6808,0.9731
4685,0.0,0.98
4686,0.0,0.98
4687,0.0258,0.3818
4688,0.0,0.6908
4689,0.0,0.891
4690,-0.5994,-0.9648
4691,-0.25,-0.991
4692,0.8777,-0.9793
4693,0.0,-0.0772
4694,0.0,0.34
4695,0.128,0.1779
4696,0.0,0.9705
4697,0.0772,0.0516
4698,0.5719,0.1601
4699,0.128,-0.25
4700,0.7906,0.7003
4701,-0.2263,0.3665
4702,-0.296,0.8847
4703,0.2023,0.975
4704,-0.4767,-0.5994
4705,0.3612,0.8503
4706,-0.5719,-0.9517
4707,0.7003,0.9747
4708,0.7269,0.9379
4709,0.0,0.9783
4710,-0.0258,-0.6131
4711,-0.1779,0.9472
4712,0.8126,0.9234
4713,0.6908,0.978
4714,0.0,0.7178
4715,0.7351,0.9694
4716,-0.3071,-0.9779
4717,-0.0258,0.9466
4718,0.6808,0.9774
4719,-0.2023,-0.9895
4720,-0.7351,-0.93
4721,0.5574,0.9771
4722,0.2382,0.9958
4723,0.0,0.9874
4724,0.7269,0.9884
4725,0.5256,0.9899
4726,0.2732,0.4215
4727,0.7906,0.9325
4728,0.0258,0.98
4729,0.0,0.0827
4730,0.0,0.6808
4731,0.0,0.9887
4732,-0.128,0.0
4733,0.0,0.9534
4734,-0.3818,0.9945
4735,0.2732,0.9553
4736,0.0,0.9851
4737,-0.4019,-0.2238
4738,0.0,-0.7081
4739,-0.2263,0.9839
4740,0.3649,-0.9778
4741,-0.5423,0.9281
4742,0.0,-0.9287
4743,0.0258,0.5256
4744,0.4939,0.8781
4745,0.0,-0.0516
4746,-0.5719,0.9857
4747,-0.7717,0.5574
4748,0.0,0.3182
4749,0.7579,0.9128
4750,0.3182,0.9842
4751,0.1779,0.9989
4752,-0.6908,0.8647
4753,0.8402,0.8271
4754,-0.0772,0.4404
4755,0.0,0.948
4756,0.4404,0.9813
4757,0.7096,0.8676
4758,-0.8689,0.9218
4759,-0.5719,-0.296
4760,0.0,0.8991
4761,-0.6597,-0.9531
4762,0.0258,0.6124
4763,0.6597,-0.9916
4764,-0.6705,-0.9333
4765,0.6486,0.9939
4766,0.1406,0.9763
4767,-0.5859,-0.1114
4768,-0.1027,-0.842
4769,-0.2263,-0.7691
4770,-0.6808,-0.5423
4771,-0.6705,-0.936
4772,0.7184,0.9832
4773,-0.0387,0.9705
4774,0.2732,0.6124
4775,0.4215,0.9042
4776,-0.128,0.9907
4777,0.8225,0.4404
4778,0.4215,-0.2806
4779,0.4404,0.9413
4780,0.3818,0.9153
4781,0.296,0.9621
4782,0.8481,0.946
4783,0.7346,0.9874
4784,0.8126,0.9808
4785,-0.25,-0.8074
4786,0.3716,0.9911
4787,0.0772,0.7906
4788,0.0,0.9826
4789,0.0258,-0.8555
4790,0.4588,0.872
4791,0.5267,-0.9411
4792,0.0,0.9957
4793,0.4215,0.9419
4794,0.128,-0.1482
4795,-0.4588,0.9336
4796,0.6808,0.9552
4797,0.6808,0.2023
4798,-0.2732,0.9512
4799,0.1779,0.7495
4800,0.4404,0.7506
4801,-0.4678,0.9001
4802,-0.3291,0.9273
4803,0.0,-0.9943
4804,-0.5574,-0.9092
4805,0.8271,0.9972
4806,0.8126,0.959
4807,0.4939,0.662
4808,-0.5483,0.9614
4809,0.2111,0.9744
4810,0.2023,0.9571
4811,0.3612,0.9934
4812,0.8481,0.9114
4813,0.6486,0.9429
4814,0.4215,0.9042
4815,-0.128,0.9907
4816,-0.128,0.9907
4817,0.6705,0.9927
4818,0.2732,0.9888
4819,0.802,0.6486
4820,0.0,-0.7506
4821,-0.25,-0.9685
4822,-0.2382,0.9486
4823,0.0516,0.6908
4824,0.8591,0.9768
4825,0.4939,0.9559
4826,0.5106,0.9954
4827,0.0,-0.9062
4828,0.4215,0.9032
4829,-0.6808,0.9062
4830,-0.1531,0.9137
